1944-06-01	ДА	КарФ	7 армия	4 ск (114, 272, 368 сд), 3 брмп, 69, 70 морсбр, 150, 162 УР, 31 обмп	633 кпап, 354 отпадн, 460, 514 иптап, 530 минп, 46, 64 гв. мп, 1650 зенап, 54, 268, 616 озадн	89, 92 отп, 14, 16, 23, 29, 30, 31, 38, 40, 47, 64 оаэсб		1 гв. осапб, 18 оиб	7 ооб
1944-06-01	ДА	КарФ	14 армия	126 лгск (72 морсбр, 31 лыжбр), 10 гв., 14 сд, 2 УР, опулб 	901 горн. кап, 1066, 1942 кпап, 1236, 1237 пап, 172, 275, 297, 619, 620 минп, 41 гв. мп, 156 зенап, 325, 487 озадн			31, 733 оиб
1944-06-01	ДА	КарФ	19 армия	120 лгск (30, 32, 33 лыжбр), 21, 67, 104, 122 сд, 77 морсбр, опулб 	905 горн. кап, 149, 1216 кпап, 51, 1293 пап, 989 гап, 173, 268, 298, 482, 535, 566, 621 минп, 7, 25 гв. мбр, 53, 59, 305 гв. мп, 186, 275 зенап, 48, 208, 261 озадн	38 гв. тбр, 73 гв., 88 отп		1 мибр, 13 шисбр, 279 оиб
1944-06-01	ДА	КарФ	26 армия	31 ск (45, 83, 205 сд), 54, 367 сд, опулб 	471 пап, 441 иптап, 278, 565 минп, 52 гв. мп, 272 зенап, 369 озадн	91 отп, 73 обрп		6 гв. батальон минеров, 170 оиб	193, 195 орро
1944-06-01	ДА	КарФ	32 армия	27, 176, 289, 313 сд, опулб 	280 минп, 63 гв. мп, 446 озадн	90 отп		261 оиб	6 ооб, 194, 196 орро
1944-06-01	ДА	КарФ	7 воздушная армия		1006, 1598, 1599 зенап		1 гв., 257, 260, 261 сад, 324 иад, 858 иап, 204 крап, 81 санап, 121 оапс, 108, 119 раэ, 118 драэ, 42, 73 краэ
1944-06-01	ДА	КарФ		осб 	32, 298 озадн	7, 27, 47 одн брп		40 оиб
1944-06-01	ДА	ЛФ	2 ударная армия	43 ск (131, 191, 224 сд), 124 ск (48, 124, 196 сд), 16 УР	161 пабр, 116 кпап, 760 иптап, 230 гв., 194, 499 минп, 38 гв. мп, 43 зенад (464, 635, 1463, 1464 зенап), 803 зенап, 432 озадн	124 отп, 1495 сап, 4 оабрб		295 оиб	175 орро
1944-06-01	ДА	ЛФ	8 армия	112 ск (2, 11, 256 сд), 117 ск (120, 123, 201 сд), 122 ск (43, 98, 189 сд), 9 УР	81 пабр, 154 кпап, 70, 126, 367 пап, 882, 884 иптап, 409 отпадн, 144, 174, 184, 192, 504, 505 минп, 18, 30, 322 гв. мп, 7 зенад (465, 474, 602, 632 зенап), 1468 зенап, 92, 116, 168 озадн	82 отп, 806, 1198, 1811 сап, 49 оабрб		1 исбр, 112 оиб, 21 пмб
1944-06-01	ДА	ЛФ	21 армия	30 гв. ск (45, 63, 64 гв. сд), 97 ск (178, 358, 381 сд), 109 ск (72, 109, 286 сд)	5 гв. тадп (71 лабр, 17 гв. пабр, 67 габр, 95 тгабр, 18 гв. габр БМ, 27 минбр), 51, 127 пабр, 28, 1157 кпап, 151, 260 пап, 46 иптабр, 1072 иптап, 276, 456, 534 минп, 3, 19 гв. мбр, 24, 40, 318 гв. мп, 32 зенад (1377, 1387, 1393, 1413 зенап), 716 зенап, 177 озадн	31, 260 гв., 98, 185 отп, 396 гв. тсап, 1222, 1439 сап		17 шисбр, 52 исбр, 260 оиб, 1 гв. пмб
1944-06-01	ДА	ЛФ	23 армия	98 ск (177, 281, 372 сд), 115 ск (10, 92, 314 сд), 142 сд, 17, 22 УР	15 адп (35 габр, 85 тгабр, 106 габр БМ, 18 минбр), 47 гв. пабр, 138 кпап, 8 гв., 21, 336 пап, 94, 165, 641, 883 иптап, 127, 175, 506, 567 минп, 1 гв. мд (6 гв. мбр), 29, 70 гв. мп, 1469 зенап, 11 гв., 71, 618 озадн	152 тбр, 46 гв., 27 отп, 938, 952, 1238 сап, 14, 23, 71 одн брп		20 исбр, 734 оиб, 36 пмб
1944-06-01	ДА	ЛФ	59 армия	6 ск (80, 125, 374 сд), 377 сд, 79 УР	34 гв. пабр, 14 гв. пап, 104 минп, 1470 зенап, 73, 108 озадн			365 оиб, 34 пмб	9 ооб
1944-06-01	ДА	ЛФ	13 воздушная армия				276 бад, 277 шад, 275 иад, 13 рап, 283 иап, 199 оапс, 12, 49, 52, 72 краэ
1944-06-01	ДА	ЛФ		8 эст. ск (7, 249 эст. сд), 108 ск (46, 90 сд), 132 опаб	3 акп: 18 адп (65 лабр, 58 габр, 3, 80 тгабр, 120 габр БМ, 42 минбр), 23 адп (79 лабр, 38 габр, 2, 96 тгабр, 21 гв. габр БМ, 28 минбр), 1 гв. мд (2, 5 гв. мбр); 85 кап, 32, 34, 40, 329 оадн ОМ, 1, 8 овпдаан, 785 зенап	30 гв., 1, 220 тбр, 26, 27 гв., 45, 221, 222, 226 отп, 394, 397 гв. тсап, 1294 сап, 1, 3 оабрб, 32, 48, 50, 72 одн брп, 4 обрп		2 ибр с/н, 5 пмп, 7 гв. батальон минеров, 34, 54, 67 оиб, 42 пмб
1944-06-01	ДА	3 ПрибФ	42 армия	14 ск (128, 378, 382 сд), 118 ск (13, 245, 376 сд), 14 УР	5, 1096 пап, 304, 384, 705, 1973 иптап, 52 гв. опадн БМ, 122, 281, 618 минп, 28 гв. мп, 631 зенап, 758 озадн	123 озенбрп
1944-06-01	ДА	3 ПрибФ	54 армия	7 ск (53 гв., 229, 311 сд), 111 ск (44, 225, 288 сд)	129 кпап, 13 гв., 448 пап, 16 гв. пабр (223 гв. пап), 648 иптап, 500 минп, 10 гв. мбр, 321 гв. мп, 3 овпдаан, 41 зенад (245, 463 зенап), 1467 зенап	258, 511 отп, 1433 сап		12 исбр, 159 пмб
1944-06-01	ДА	3 ПрибФ	67 армия	110 ск (168, 265, 268 сд), 116 ск (85, 86, 291 сд), 119 ск (198, 285, 326 сд), 123 ск (56, 239, 364 сд)	2 адп (20 лабр, 16 гв. пабр, 10 гв. габр, 48 гв. тгабр, 121 габр БМ, 5 минбр), 7 пабр, 8 кпап, 1486 пап, 289, 509, 690 иптап, 30 минбр, 533 минп, 319 гв. мп, 45 зенад (707, 737, 1465, 1466 зенап), 988 зенап, 613 озадн	33 гв., 51 отп, 750, 768 сап, 2 оабрб		23 исбр, 62 пмб
1944-06-01	ДА	3 ПрибФ	14 воздушная армия		1606, 1607, 1608 зенап		280 сад, 281 шад, 269 иад, 742 рап, 386 нбап, 844 трап, 107 оапс, 3 ап ГВФ, 44, 59 краэ
1944-06-01	ДА	3 ПрибФ		99 ск (18, 65, 310 сд)	12 гв. мбр, 320 гв. мп, 41 зенад (244, 634 зенап), 970 зенап, 72, 213, 461 озадн	7 гв., 16, 122 тбр, 22 озенбрп		9 шисбр, 24 исбр, 62 оиб, 38 пмб
1944-06-01	ДА	2 ПрибФ	1 ударная армия	12 гв. ск (52 гв., 33, 37, 282 сд), 14 гв. ск (23 гв., 26, 146, 182 сд), 90 ск (208, 321, 391 сд), 336 опулб	137 пабр, 37 гв. кап, 385 гап, 18 иптабр, 1186 иптап, 110 минп, 27, 72, 85 гв. мп, 42 зенад (620, 709, 714, 729 зенап), 1473 зенап, 63 гв. озадн	118 тбр, 227, 239, 249 отп, 991, 1453 сап, 29, 35 одн брп		2, 28, 134, 738 оиб, 54, 58, 88 пмб	орро
1944-06-01	ДА	2 ПрибФ	3 ударная армия	79 ск (46 гв., 150, 171 сд), 93 ск (200, 207, 219 сд), 379 сд	136 пабр, 827 гап, 163 гв. иптап, 203 гв. минп, 93 гв. мп, 36 зенад (1385, 1391, 1397, 1399 зенап), 1622 зенап, 467 озадн	29 гв. тбр, 1539 сап		19 шисбр, 25 исбр	13 ооб
1944-06-01	ДА	2 ПрибФ	10 гвардейская армия	7 гв. ск (7, 8, 119 гв. сд), 15 гв. ск (29, 30, 85 гв. сд), 19 гв. ск (22, 56, 65 гв. сд)	19 гв. пабр, 6 гв. иптабр, 758 иптап, 13 минбр, 274 минп, 60 гв. мп, 6 овпдаан, 14 зенад (715, 718, 721, 2013 зенап), 240 зенап, 386 озадн	37, 47 отп, 1199 сап		13 исбр	206 орро
1944-06-01	ДА	2 ПрибФ	22 армия	44 ск (115, 325 сд), 100 ск (21 гв., 28, 319 сд), 118 УР	36 гв. пабр, 395 гап, 1040 иптап, 561 минп, 1472 зенап, 397 озадн	81 отп, 56, 57, 62 одн брп		26 исбр
1944-06-01	ДА	2 ПрибФ	15 воздушная армия		1639 зенап		11 сак (4, 148, 293 иап, 658, 724 шап), 225 шад, 315 иад, 284, 313 нбад, 99 гв. рап, 187 крап, 699 трап, 1003 санап
1944-06-01	ДА	2 ПрибФ		43 гв. сд, 3 гв. кк (5, 6 гв., 32 кд, 1814 сап, 144 гв. иптап, 3 гв. оиптдн, 3 гв. мп, 64 гв. миндн, 1731 зенап)	27 ад (78 лабр, 76 пабр, 74 габр), 14, 21 гв. мбр, 90, 310 гв. мп, 44 зенад (508, 708, 710, 1274 зенап), 243, 1477 зенап, 64 гв., 12, 29, 239, 242 озадн	5 тк (24, 41, 70 тбр, 5 мсбр, 1261, 1515 сап, 92 мцб, 731 оиптдн, 277 минп, 47 гв. мдн, 1708 зенап), 78 тбр, 55 мцб, 133, 134 озенбрп		8 ибр с/н, 36, 75 оиб, 55, 56 пмб
1944-06-01	ДА	1 ПрибФ	4 ударная армия	60 ск (119, 332 сд, 101 сбр), 83 ск (51, 357, 360 сд)	138 пабр, 64, 283, 480 гап, 587 иптап, 556 минп, 99 гв. мп, 46 зенад (609, 617, 618, 717 зенап), 1624 зенап	171 отб, 60 одн брп			12 ооб
1944-06-01	ДА	1 ПрибФ	6 гвардейская армия	2 гв. ск (9, 90 гв., 166 сд), 23 гв. ск (51, 67, 71 гв. сд)	21 адп (94 тгабр), 38 гв. кап, 1224 гап, 496 иптап, 295, 408 минп, 22 гв. мп, 7 овпдаан, 39 зенад (1406, 1410, 1414, 1526 зенап), 1487 зенап	34 гв. тбр, 2 гв. отп		29 исбр	18 ооб, 174, 178 орро
1944-06-01	ДА	1 ПрибФ	43 армия	1 ск (179, 204, 306 сд), 22 гв. ск (154, 156, 235 сд), 92 ск (145, 334 сд), 155 УР	8 пад (28 гв. пабр), 37 гв. пабр, 376 гап, 17 иптабр, 759 иптап, 118 минп, 39 гв. мп, 246, 1626 зенап, 221 озадн	46 мехбр, 105 отп, 44 одн брп		273, 312 оиб, 106 пмб
1944-06-01	ДА	1 ПрибФ	3 воздушная армия		1556, 1557, 1558 зенап		11 иак (5 гв., 190 иад), 211, 335 шад, 259 иад, 314 нбад, 6 гв. шап, 11 рап, 206 крап, 763 трап, 87 санап, 353, 399 оапс, 105 гв. ап ГВФ
1944-06-01	ДА	1 ПрибФ		16, 47 сд	8 пад (26, 27 гв. пабр), 21 адп (66 лабр, 64 пабр, 55 габр, 103 габр БМ, 25 минбр), 2 гв. мд (17, 20, 26 гв. мбр), 31 минбр, 17 зенад (1267, 1276, 1279, 2014 зенап), 601, 1623, 1625, 1714 зенап, 183, 622 озадн	10, 39 гв., 143 тбр, 1203 сап		2 исбр, 5 гв. мибр, 10 шисбр, 10 гв. батальон минеров, 37, 249 оиб, 57, 60, 86, 91, 93, 94 пмб	35 ооб
1944-06-01	ДА	3 БФ	5 армия	45 ск (159, 184, 338 сд), 65 ск (97, 144, 371 сд), 72 ск (63, 251, 277 сд), 152 УР	3 гв. адп (22 гв. пабр, 99 тгабр, 43 минбр), 696 иптап, 283 минп, 95 гв. мп, 33 зенад (1378, 1710, 1715, 1718 зенап), 726 зенап	153 тбр, 953, 954, 958 сап		296 оиб
1944-06-01	ДА	3 БФ	11 гвардейская армия	8 гв. ск (5, 26, 83 гв. сд), 16 гв. ск (1, 11, 31 гв. сд), 36 гв. ск (16, 18, 84 гв. сд)	149 пабр, 523, 1093, 1165 кпап, 551 иптап, 545 минп, 1280 зенап			6 гв., 226, 243 оиб
1944-06-01	ДА	3 БФ	31 армия	36 ск (220 сд), 71 ск (88, 192, 331 сд), 113 ск (62, 174, 352 сд)	140 пабр, 392, 570 кпап, 83 гв. гап, 43 иптабр, 529 иптап, 549 минп, 74 гв. мп, 48 зенад (231 гв., 1277, 1278, 2011 зенап), 1275, 1478 зенап, 525 озадн	213 тбр, 63 гв. отп, 926, 927, 959, 1445 сап, 2 гв. мцп, 52 одн брп		31 исбр	14, 15 ооб, 185, 186 орро
1944-06-01	ДА	3 БФ	39 армия	5 гв. ск (17, 91 гв., 164, 215 сд), 84 ск (158, 262 сд), 19 гв. сд	3 гв. адп (7 гв. лабр, 8 гв. габр), 4 гв. тпад (11, 12 гв. пабр), 139 пабр, 16 гв. иптабр, 610 иптап, 555 минп, 54 гв. мп, 34 зенад (1379, 1383, 1389, 1395 зенап), 621 зенап	28 гв. тбр, 735, 957 сап		4 шисбр
1944-06-01	ДА	3 БФ	1 воздушная армия		1551, 1552, 1553 зенап		1 гв. бак ( 4, 5 гв. бад), 3 шак (307, 308 шад), 3 гв., 113 бад, 311 шад, 240, 303 иад, 213 нбад, 10 рап, 117 крап, 142 трап, 1 санап, 354 оапс
1944-06-01	ДА	3 БФ		173 сд	5 акп: 2 гв. адп (4 гв. лабр, 6 гв., 114 пабр, 5 гв. габр, 20 гв. габр БМ, 33 минбр), 4 гв. тпад (13, 14 гв. пабр), 7 гв. мд (9, 11, 24 гв. мбр); 3 гв. адп (107 габр БМ), 119 габр БМ, 1 гв. иптабр, 317 гв. мп, 2 овпдаан, 1281, 1480, 1481 зенап, 64, 324, 500 озадн	2 гв., 120 тбр, 1435 сап, 271 омб «ОСНАЗ»		2 гв., 3 шисбр, 32 исбр, 8 пмбр, 71 оиб
1944-06-01	ДА	2 БФ	33 армия	62 ск (70, 157, 344 сд), 69 ск (42, 222 сд), 154 УР	142 пабр, 41 гв. кпап, 49 гап, 873 иптап, 538 минп, 341, 1266, 1709 зенап	6 одн брп		298, 303 оиб	17 ооб
1944-06-01	ДА	2 БФ	49 армия	38 ск (64, 385 сд), 70 ск (49, 290, 330 сд), 139 сд	143 пабр, 31 гв. тгабр, 517, 557 кпап, 16, 55 гв., 331 гап, 593 иптап, 540 минп, 77, 307 гв. мп, 739, 1273 зенап, 4 озадн	722, 1196, 1197 сап, 1 одн брп		305 оиб
1944-06-01	ДА	2 БФ	50 армия	19 ск (238, 324, 362 сд), 121 ск (110, 369, 380 сд), 307 сд	144 пабр, 1099 кпап, 56 гап, 1321 иптап, 481, 544 минп, 1270, 1484 зенап	233 отп, 1444, 1819, 1902 сап		307, 309 оиб	16 ооб, 173 орро
1944-06-01	ДА	2 БФ	4 воздушная армия		1550, 1604 зенап		230, 233 шад, 229, 309 иад, 325 нбад, 164 гв. рап, 55, 74, 80 краэ
1944-06-01	ДА	2 БФ		81 ск (32, 95, 153 сд), 199 сд	85 гв., 81, 472 гап, 4, 13 иптабр, 19 минбр, 325 гв. мп, 49 зенад (1265, 1271, 1272, 2012 зенап), 225, 1268, 1479, 1482 зенап, 490, 614 озадн	23, 42 43 гв., 256 тбр, 1830 тсап, 12 оаэсб, 145 озенбрп	184 оапс	11 исбр, 33 ибр с/н, 113, 122, 345, 537 оиб, 9, 89, 92, 122 пмб
1944-06-01	ДА	1 БФ	3 армия	35 ск (250, 323, 348 сд), 40 ск (129, 169 сд), 41 ск (120 гв., 269 сд), 42 ск (137, 170, 399 сд), 46 ск (82, 108, 413 сд), 80 ск (5, 186, 283 сд), 115 УР	44 пабр, 295 гв. пап, 44 иптабр, 120, 584, 1071, 1311 иптап, 286, 475 минп, 28 зенад (1355, 1359, 1365, 1371 зенап), 1284 зенап	36, 193, 223 отп, 1812, 1888, 1890, 1899, 1900, 1901 сап		8 шисбр, 7 пмбр, 48 пмб	141, 207 орро
1944-06-01	ДА	1 БФ	28 армия	3 гв. ск (50, 54, 96 гв. сд), 20 ск (48, 55 гв., 20 сд), 128 ск (61, 130, 152 сд)	377 пап, 530 иптап, 133 гв. минп, 607 зенап			57 оиб
1944-06-01	ДА	1 БФ	47 армия	77 ск (132, 143, 185, 234 сд), 125 ск (60, 76, 175 сд), 129 ск (165, 260, 328 сд)	6 адп (21 лабр, 10 пабр, 18 габр, 118 тгабр, 2 минбр), 148 пабр (123 пап), 20 иптабр, 163, 533 иптап, 460 минп, 43, 75 гв. мп, 64 зенад (1979, 1983, 1987, 1991 зенап), 1488 зенап	68 тбр, 230, 259 отп, 1204, 1295, 1821 сап, 31, 59 одн брп		18 шисбр, 91 оиб, 21, 108 пмб	10, 19, 20 ооб
1944-06-01	ДА	1 БФ	48 армия	29 ск (73, 102, 217 сд), 53 ск (17, 96 сд), 194 сд	68 пабр, 220 гв. иптап, 479 минп, 31 зенад (1376, 1380, 1386, 1392 зенап), 461 зенап	231 отп, 713, 1897 сап, 39 одн брп		57 исбр	142 орро
1944-06-01	ДА	1 БФ	61 армия	9 гв. ск (12 гв., 212 сд), 89 ск (23, 55 сд), 397, 415 сд	38 гв. пабр, 60 гв. кап, 547 минп, 1282 зенап	40 одн брп		38 исбр
1944-06-01	ДА	1 БФ	65 армия	18 ск (44 гв., 69 сд), 105 ск (37, 75 гв., 193 сд), 15, 354 сд, 115 сбр, 119, 153, 161 УР	147 пабр, 543 иптап, 143 гв. минп, 235 зенап	251 отп, 922, 925 сап		14 исбр	177 орро
1944-06-01	ДА	1 БФ	69 армия	25 ск (77 гв., 4, 41 сд), 61 ск (134, 247, 274 сд), 91 ск (117, 312, 370 сд)	38 гв. пабр (68 гв. пап), 4 гв., 8, 40 иптабр, 22 иптап, 256 минп, 62, 303, 316 гв. мп, 24 зенад (1045, 1337, 1343, 1349 зенап), 594 зенап	12 сабр, 1205, 1206, 1221 сап		41 ибр с/н, 131, 257, 740, 741 оиб, 9 пмб
1944-06-01	ДА	1 БФ	70 армия	96 ск (38 гв., 1 сд), 114 ск (76 гв., 160 сд), 3 отд. снайп. батальон	148 пабр, 378 иптап, 136 гв. минп, 581 зенап			48 исбр
1944-06-01	ДА	1 БФ	6 воздушная армия		1596, 1597 зенап		3 гв. шад, 336 иад, 242 нбад, 72 драп, 93 крап, 713 трап, 141 санап
1944-06-01	ДА	1 БФ	16 воздушная армия		325, 1610, 1611, 1612, 1974 зенап		3 бак (241, 301 бад), 6 сак (132, 221 бад, 282 иад), 6 иак (273, 279 иад), 2 гв., 299 шад, 1 гв., 234, 283, 286 иад, 271 нбад, 16 рап, 98 крап, 6 санап, 919 оапс, 62 гв. ап ГВФ
1944-06-01	ДА	1 БФ	1 армия Войска Польского	1, 2, 3, 4 пд, 1 отд. жен. пб, 1 отд. моторазв. б-н, 1 отд. кавбригада, 1 опдб	1, 5 абр, 2, 3 габр, 4 иптабр, 1 зенад (15, 16, 17, 18 зенап), 1 озадн	1 тбр	1 иап, 2 нбап	1 исбр, 7 оиб, 6 пмб	2 ооб
1944-06-01	ДА	1 БФ		356 сд, 2 гв. кк (3, 4, 17 гв. кд, 160, 184, 189 тп, 1459 сап, 149 гв. иптап, 2 гв. оиптдн, 10 гв. мп, 60 гв. миндн, 1730 зенап), 7 гв. кк (14, 15, 16 гв. кд, 32, 57, 114 тп, 1816 сап, 145 гв. иптап, 7 гв. мп, 7 гв. оиптдн, 57 гв. миндн, 1733 зенап)	4 акп: 5 адп (23 гв. лабр, 24 пабр, 9 габр, 86 тгабр, 100 габр БМ, 1 минбр), 22 ад (13 лабр, 59 пабр, 63 габр), 5 гв. мд (16, 22, 23 гв. мбр); 1091 кпап, 3 гв., 1, 41 иптабр, 1070 иптап, 35 гв., 32 минбр, 6, 37, 56, 84, 92, 94, 311, 313 гв. мп, 2 гв. зенад (302, 303, 304, 306 гв. зенап), 3 гв. зенад (297, 307, 308, 309 гв. зенап), 12 зенад (836, 977, 990, 997 зенап), 13 зенад (1065, 1173, 1175, 1218 зенап), 65 зенад (1980, 1984, 1988, 1992 зенап), 221 гв., 1259, 1263 зенап, 13 гв., 27, 31, 615 озадн	8 гв. тк (58, 59, 60 гв. тбр, 28 гв. мсбр, 62 гв. тп, 301 гв., 1817 сап, 6 гв. мцб, 269 гв. минп, 307 гв. мдн, 300 гв. зенап), 9 тк (23, 95, 108 тбр, 8 мсбр, 1455, 1508 сап, 90 мцб, 218 минп, 286 гв. мдн, 216 зенап), 11 тк (20, 36, 65 тбр, 12 мсбр, 60 гв. тп, 1461, 1493 сап, 93 мцб, 738 оиптдн, 243 минп, 115 гв. мдн, 1388 зенап), 42 отп, 8 сабр, 55 одн брп		1 гв. ибр с/н, 1, 2 шисбр, 35, 36 исбр, 4 пмп, 6, 63, 73 оиб, 53, 85, 104, 131 пмб
1944-06-01	ДА	1 УФ	1 гвардейская армия	30 ск (129 гв., 30, 141 сд), 47 ск (280, 309 сд), 52 ск (183, 316 сд), 74 ск (147, 155, 276 сд), 107 ск (127, 167, 304 сд)	3 адп (15 лабр, 5 пабр, 1 габр, 116 тгабр, 7 минбр), 4, 317 гв., 130, 222, 1075, 1672 иптап, 525 минп, 329 гв. мп, 25 зенад (1067, 1356, 1362, 1368 зенап), 580 зенап, 31 гв. озадн	1, 12 гв. отп		6 исбр
1944-06-01	ДА	1 УФ	3 гвардейская армия	21 ск (81, 136, 253 сд), 22 ск (58, 329, 389 сд), 76 ск (106, 149, 181 сд), 120 ск (197, 218, 273 сд)	40 гв. пабр, 1528 гап, 316 гв., 179, 868, 1643 иптап, 526, 569 минп, 69 зенад (1996, 2000, 2004, 2008 зенап), 1257 зенап	150 тбр, 39 отп, 293 гв. сап, 45, 49 одн брп		42 мибр, 322 оиб	2, 22, 25 ооб
1944-06-01	ДА	1 УФ	13 армия	24 ск (71, 287, 350 сд), 27 ск (6 гв., 112, 162 сд), 102 ск (117, 121 гв., 172 сд)	39 гв. пабр, 111 гв., 805 гап, 22 иптабр, 493, 1076, 1644, 1645 иптап, 128, 476, 497 минп, 10 зенад (802, 975, 984, 994 зенап), 1287 зенап	25 тк (111, 162, 175 тбр, 20 мсбр, 1253, 1451 сап, 53 мцб, 1497 иптап, 746 оиптдн, 459 минп, 2 гв. мдн, 1702 зенап), 58 одн брп		7 шисбр, 275 оиб
1944-06-01	ДА	1 УФ	18 армия	11 ск (24, 226, 271 сд), 17 гв. ск (2 гв. вдд, 8, 317 сд), 95 ск (66 гв., 9 пластунская, 138 сд), 351 сд	146 пабр, 839 гап, 8 гв. иптабр, 196 гв., 1646 иптап, 9, 477, 494, 496 горно-вьючн. минп, 3 гв. мд (18 гв. мбр), 5, 65 гв. мп, 37 зенад (1400, 1404, 1408, 1412 зенап)			9 исбр, 897 осапб
1944-06-01	ДА	1 УФ	38 армия	18 гв. ск (161, 237, 395 сд), 67 ск (121, 151, 241 сд), 101 ск (70 гв., 211, 305 сд)	17 адп (39 пабр), 135 пабр, 9, 11 гв. иптабр, 296 гв., 269, 1506, 1642, 1663 иптап, 491 минп, 88 гв. мп, 21 зенад (1044, 1334, 1340, 1346 зенап), 68 зенад (1995, 1999, 2003, 2007 зенап), 269 гв., 1954 зенап	1228 сап		15 шисбр, 3 пмбр
1944-06-01	ДА	1 УФ	60 армия	15 ск (148, 322, 336 сд), 23 ск (68 гв., 99, 359 сд), 28 ск (107, 140, 246 сд), 94 ск (135, 221, 327 сд), 106 ск (100, 302, 340 сд)	7 акп: 1 гв. ад (3 гв. лабр, 1 гв. пабр, 2 гв. габр), 17 адп (37 лабр, 50 габр, 92 тгабр, 108 габр БМ, 22 минбр); 24 гв., 33 пабр, 7, 10 гв. иптабр, 563, 640, 645, 1178 иптап, 138 минп, 3 овпдаан, 23 зенад (1064, 1336, 1342, 1348 зенап), 217 зенап, 332 озадн	4 гв. тк (12, 13, 14 гв. тбр, 3 гв. мсбр, 76 мцб, 756 иптап, 752 оиптдн, 264 минп, 240 гв. мдн, 120 гв. зенап), 59 отп, 1827, 1889 сап, 21, 37 одн брп, 122 озенбрп		59 исбр, 27, 317 оиб	1 ооб
1944-06-01	ДА	1 УФ	1 гвардейская танковая армия		79 гв. мп, 4 гв. зенад (256, 257, 263, 273 гв. зенап)	8 гв. мк (19, 20, 21 гв. мехбр, 1 гв. тбр, 400 гв. сап, 8 гв. мцб, 353 гв. иптап, 42 гв. оиптдн, 265 гв. минп, 405 гв. мдн, 358 гв. зенап), 11 гв. тк (40, 44, 45 гв. тбр, 1454 сап, 27 гв. мсбр, 9 гв. мцб, 362 гв. иптап, 40 гв. оиптдн, 270 гв. минп, 53 гв. мдн, 1018 зенап), 64 гв. тбр, 11 гв. отп, 399 гв. тсап, 6 мцп, 12 гв. мцб	191 гв. оапс	13, 14 гв. оиб
1944-06-01	ДА	1 УФ	3 гвардейская танковая армия		91 гв. мп, 1381, 1394 зенап	6 гв. тк (51, 52, 53 гв. тбр, 22 гв. мсбр, 1893 сап, 3 гв. мцб, 1666 иптап, 272 гв. мп, 439 гв. мдн, 286 гв. зенап), 7 гв. тк (54, 55, 56 гв. тбр, 23 гв. мсбр, 702, 1894 сап, 312 гв. иптап, 4 гв. мцб, 467 гв. минп, 440 гв. мдн, 287 гв. зенап), 9 мк (69, 70, 71 мехбр, 47, 59 гв. тп, 1507 сап, 100 мцб, 108 гв. иптап, 616 минп, 441 гв. мдн, 1719 зенап), 91 тбр, 71 гв. отп, 50 мцп, 39 оабрб		182 оиб
1944-06-01	ДА	1 УФ	4 танковая армия		1689 иптап, 312 гв. мп	6 гв. мк (16, 17 гв., 49 мехбр, 29, 56 отп, 1 гв. сап, 95 мцб, 51 гв. иптап, 740 оиптдн, 240 минп, 52 гв. мдн, 396 зенап), 10 гв. тк (61, 62, 63 гв. тбр, 29 гв. мсбр, 356 гв. сап, 7 гв. мцб, 357 гв. иптап, 62 гв. оиптдн, 299 гв. минп, 248 гв. мдн, 359 гв. зенап), 93 тбр, 72 гв. отп, 374 гв. тсап, 51 мцп		88 оиб
1944-06-01	ДА	1 УФ	2 воздушная армия		1554, 1555, 1605 зенап		4 бак (202, 219 бад), 5 шак (4 гв., 264 шад), 8 шак (224, 227 шад), 5 иак (8 гв., 256 иад), 10 иак (10 гв., 235 иад), 321 бад, 10 гв. шад, 331 иад, 208, 326 нбад, 19 иап, 98 гв., 50 рап, 118 крап, 191 гв., 189, 372, 387 оапс
1944-06-01	ДА	1 УФ		1 гв. кк (1, 2, 7 гв. кд, 1244 сап, 143 гв. иптап, 1 гв. оиптдн, 1 гв. мп, 49 гв. миндн, 319 зенап), 6 гв. кк (8, 13 гв., 8 кд, 1813 сап, 142 гв. иптап, 6 гв. оиптдн, 11 гв. мп, 47 гв. миндн, 1732 зенап), 1 чак (1, 2, 3 пех. бр., 1 тп)	25 гв. габр БМ, 12 минбр, 26 иптабр, 350, 408, 1593, 1660 иптап, 3 гв. мд (15, 32 гв. мбр), 8, 21, 23, 36, 83, 98, 323 гв. мп, 1288 зенап, 22 гв. озадн	31 тк (100, 237, 242 тбр, 65 мсбр, 1548 тсап, 98 мцб, 753 оиптдн, 617 минп, 201 гв. мдн), 29, 58 гв. отп, 1419, 1442 сап, 43 одн брп	4 санап	16 шисбр, 39, 53 исбр, 6 пмбр, 22 гв. оисапб, 70 оиб, 6, 20 пмб
1944-06-01	ДА	2 УФ	4 гвардейская армия	20 гв. ск (5, 7 гв. вдд, 41, 62 гв. сд), 21 гв. ск (69, 80 гв., 84 сд)	123 пабр, 438, 452 иптап, 466, 493 минп, 27 зенад (1354, 1358, 1364, 1370 зенап)			56 исбр
1944-06-01	ДА	2 УФ	5 гвардейская армия	32 гв. ск (13, 95, 97 гв. сд), 33 гв. ск (9 гв. вдд, 14, 78 гв. сд), 214 сд, 123 об ПТР	41 гв. пабр (265 гв. пап), 301, 1073 иптап, 469 минп, 29 зенад (1360, 1366, 1372, 1374 зенап)			55 исбр	3 ооб
1944-06-01	ДА	2 УФ	7 гвардейская армия	24 гв. ск (72, 81 гв. сд), 25 гв. ск (6 гв. вдд, 36 гв., 53 сд), 6 сд, 8 гв. вдд, 3 об ПТР	11 ад (45 пабр, 40 габр), 16 адп (49 лабр, 61 пабр, 52 габр, 90 тгабр, 109 габр БМ, 14 минбр), 41 гв. пабр, 30 иптабр, 114, 115 гв. иптап, 263, 290 минп, 5 зенад (670, 743, 1119, 1181 зенап), 162 гв. зенап	27 гв. тбр, 34, 38 одн брп		60 исбр, 175 оиб
1944-06-01	ДА	2 УФ	27 армия	27 гв. ск (297, 409 сд), 33 ск (202, 206, 337 сд), 35 гв. ск (3 гв. вдд, 93 гв., 78, 180 сд), 54 УР	13 адп (42 лабр, 47 габр, 88, 91 тгабр, 101 габр БМ, 17 минбр), 27 пабр, 315 гв., 881, 1669 иптап, 480 горно-вьючн., 492 минп, 16, 80 гв. мп, 225 гв., 249 зенап	25 отп		6 шисбр, 43 исбр	27 ооб
1944-06-01	ДА	2 УФ	40 армия	50 ск (74, 163, 240 сд), 51 ск (42 гв., 133, 232 сд), 104 ск (4 гв. вдд, 38 сд), 159 УР	1950 пап, 11, 24 иптабр, 680 иптап, 10 горно-вьючн. минп, 9 зенад (800, 974, 981, 993 зенап)			4 исбр	4, 21 ооб, 176 орро
1944-06-01	ДА	2 УФ	52 армия	48 ск (111, 213, 294 сд), 73 ск (50, 116, 373 сд), 78 ск (31, 252, 303 сд), 254 сд	11 ад (31 лабр), 97, 98 тгабр, 568 пап, 2 иптабр, 1322 иптап, 490 минп, 38 зенад (1401, 1405, 1409, 1712 зенап)			58 исбр
1944-06-01	ДА	2 УФ	53 армия	26 гв. ск (25, 94 гв. сд), 49 ск (1 гв. вдд, 375 сд), 89, 110 гв. сд, 63 об ПТР	123 пабр (1327 пап), 31 иптабр, 1316 иптап, 461 минп, 30 зенад (1361, 1367, 1373, 1375 зенап)	38 отп		54 исбр
1944-06-01	ДА	2 УФ	2 танковая армия		86 гв. мп	3 тк (50, 51, 103 тбр, 57 мсбр, 375 гв. тсап, 74 мцб, 728 оиптдн, 234 минп, 126 гв. мдн, 121 зенап), 16 тк (107, 109, 164 тбр, 15 мсбр, 6 гв. отп, 1441 сап, 51 мцб, 729 оиптдн, 226 минп, 89 гв. мдн, 1721 зенап), 11 гв. тбр, 754, 1219 сап, 87 мцб		357 оиб
1944-06-01	ДА	2 УФ	6 танковая армия		57 гв. мп	5 мк (2, 9, 45 мехбр, 233 тбр, 697, 745 сап, 64 мцб, 458 минп, 35 гв. мдн, 1700 зенап), 5 гв. тк (20, 21, 22 гв. тбр, 6 гв. мсбр, 1458, 1462 сап, 80 мцб, 1667 иптап, 454 минп, 127 гв. мдн, 1696 зенап), 156 отп, 6 сабр, 1494 сап		181 оиб
1944-06-01	ДА	2 УФ	5 воздушная армия		1561, 1562, 1975 зенап		2 гв. бак (1, 8 гв., 218 бад), 1 гв. шак (8, 9 гв. шад, 12 гв. иад), 2 шак (7 гв., 231 шад), 4 иак (294, 302 иад), 7 иак (9 гв., 205, 304 иад), 312 нбад, 511 рап, 207 крап, 95 трап, 714 оапс, 18 ап ГВФ
1944-06-01	ДА	2 УФ		75 ск (233, 299 сд), 5 гв. кк (11, 12 гв., 63 кд, 1896 сап, 150 гв. иптап, 5 гв. оиптдн, 72 гв. миндн, 9 гв. мп, 585 зенап), 1 пд (рум.)	6, 34 иптабр, 444 иптап, 8, 27, 33 гв. мбр, 17, 47, 48, 66, 96, 97, 302, 308, 309, 324, 328 гв. мп, 11 зенад (804, 976, 987, 996 зенап), 26 зенад (1352, 1357, 1363, 1369 зенап)	7 мк (16, 63, 64 мехбр, 41 гв. тбр, 1289, 1440 сап, 94 мцб, 109 иптап, 392 оиптдн, 614 минп, 40 гв. мдн, 1713 зенап), 18 тк (110, 170, 181 тбр, 32 мсбр, 1438 сап, 78 мцб, 1000 иптап, 736 оиптдн, 292 минп, 106 гв. мдн, 1694 зенап), 10, 25, 61 одн брп	85, 1001 санап	5 исбр, 14 шисбр, 27 ибр с/н, 1, 2 пмбр, 8 тпмп, 61, 72 оиб, 7, 19, 32, 40, 49, 125 пмб
1944-06-01	ДА	3 УФ	5 ударная армия	10 гв. ск (49, 86, 109 гв. сд), 32 ск (60 гв., 259, 416 сд), 34 гв. ск (203, 243, 248 сд)	7 адп (11 лабр, 9 гв., 17 пабр, 25 габр, 3 минбр), 44 гв. пабр, 92 гв. кап, 274 гап, 507, 521 иптап, 489 минп, 4 зенад (253, 254, 268 гв., 606 зенап), 1617 зенап	5 гв., 52 отп, 1201, 1202 сап		44 ибр с/н, 61 исбр
1944-06-01	ДА	3 УФ	6 армия
1944-06-01	ДА	3 УФ	8 гвардейская армия	4 гв. ск (35, 47, 57 гв. сд), 28 гв. ск (39, 79, 88 гв. сд), 29 гв. ск (27, 74, 82 гв. сд)	43 гв. пабр, 40 гв. кап, 266 гв. иптап, 141 минп, 878 зенап			326, 350, 358 оиб
1944-06-01	ДА	3 УФ	37 армия	6 гв. ск (10 гв. вдд, 20 гв., 195 сд), 66 ск (61 гв., 244, 333 сд), 82 ск (28, 92 гв., 188 сд)	46 гв., 160 пабр, 42 гв. кап, 152 гап, 324, 1008, 1248 иптап, 251 оиптдн, 531, 562 минп, 586 зенап	864, 1891 сап, 22 одн брп		8 исбр
1944-06-01	ДА	3 УФ	46 армия	31 гв. ск (4, 34, 40 гв. сд), 34 ск (236, 353, 394 сд), 37 ск (59, 108 гв., 320 сд), 295 сд, 1 гв. УР	109 гв. пап, 506 кап, 42 иптабр, 437, 1312 иптап, 462 минп, 22 зенад (1335, 1341, 1347, 1353 зенап), 1651 зенап			51 исбр
1944-06-01	ДА	3 УФ	57 армия	9 ск (118, 230, 301 сд), 64 ск (73 гв., 19, 52 сд), 68 ск (93, 113, 223 сд)	1110 пап, 374, 595 иптап, 523 минп, 258 гв., 71 зенап, 227 озадн	96 тбр		65 исбр
1944-06-01	ДА	3 УФ	17 воздушная армия		1613, 1614, 1615 зенап		1 гв. сак (5, 6 гв. шад, 11 гв. иад), 9 сак (305, 306 шад, 295 иад), 244 бад, 236, 288 иад, 262 нбад, 371 нбап, 39 рап, 96 крап, 3 санап, 282 оапс
1944-06-01	ДА	3 УФ		57 ск (15, 58 гв., 228 сд), 266 сд, 10 отд. батальон автоматчиков	9 адп (26 лабр, 30, 115 пабр, 23 габр, 113 габр БМ, 10 минбр), 7, 9, 10 иптабр, 184, 1249 иптап, 23 минбр, 28, 29 гв. мбр, 25, 35, 45, 51, 58, 61, 87, 301, 315 гв. мп, 3 зенад (1084, 1089, 1114, 1118 зенап), 35 зенад (772, 1390, 1396, 1398 зенап), 271 гв., 241, 247, 303, 470, 579, 626, 1384, 1474, 1587 зенап, 60, 139 озадн	4 гв. мк (13, 14, 15 гв. мехбр, 36 гв. тбр, 292 гв. сап, 62 мцб, 1512 иптап, 748 оиптдн, 129 гв. мдн), 23 тк (3, 39, 135 тбр, 56 мсбр, 1443 сап, 82 мцб, 1501 иптап, 739 оиптдн, 457 минп, 442 гв. мдн, 1697 зенап), 5 гв. мсбр, 398 гв. тсап, 1200 сап, 3 гв., 53 мцп, 67 мцб, 26, 28 одн брп		11 шисбр, 62 исбр, 4, 5 пмбр, 1, 2 тпмп, 19 гв. батальон минеров, 64, 76 оиб, 121 пмб	5, 23, 24 ооб
1944-06-01	ДА	ОА	Приморская армия	3 гск (128 гв., 242 гсд, 318 сд), 16 ск (227, 339, 383 сд), 55 ск (315, 387, 414 сд), 89 сд, 83, 255 брмп, 78, 116 УР	42 гв. пабр, 98 гв. кап, 34 иптап, 50 гв. мп, 76 зенад (223, 416, 447, 591 зенап), 210 гв., 763, 1260 зенап, 14, 17, 21, 30, 179, 504, 508, 540 озадн	63 тбр, 85, 244, 257 отп, 1449 сап, 30, 54 одн брп		7 исбр, 12 шисбр, 13 ибр с/н, 22 гв., 23 шисбр, 63 исбр, 8, 9, 65, 97 оиб, 19, 54 пмб	26 ооб, 179, 180 орро
1944-06-01	ДА	АДД РА					1 гв. ак (1, 6 гв. ад ДД), 2 гв. ак (2, 8 гв. ад ДД), 3 гв. ак (3, 7 гв. ад ДД), 4 гв. ак (4, 5 гв. ад ДД), 5 ак (53, 54 ад ДД), 6 ак (9 гв., 50 ад ДД), 7 ак (1, 12, 45 ад ДД), 8 ак (36, 48 ад ДД)
1944-06-01	ПВО	ПВО ДА	Северный фронт ПВО	1-й корпус ПВО 	28 зенабр, 361, 746, 1082, 1855, 1863 зенап, 33, 199, 311, 313, 403, 404, 407, 426, 531 озадн, 30 зенпулп, 9, 30, 31 зенпулб, 17 зенпрожб, 6 одн АЗ, 6, 73 об ВНОС, 190, 201 озенбрп		122 иад (767, 768, 769 иап)
1944-06-01	ПВО	ПВО ДА		2-й корпус ПВО	16 отд. зенабр (553 зенап, 178, 215, 224, 248, 271, 424, 458 озадн, 44 зенпулп, 21 зенпулб, 670 зенпулр, 64 об ВНОС, 215 озенбрп, 242, 603 зенап, 13, 87, 188, 194, 256, 284, 296, 308, 378, 385 озадн, 10, 42 зенпулп, 23 зенбатр, 19, 24 зенпулб, 808 зенпулр, 27 зенпрожб, 21, 32, 107 об ВНОС, 56, 57, 74, 75, 128, 173, 182, 193, 197, 207, 216 озенбрп		106 иад (145, 147 гв., 33, 144, 441 иап), 124 иад (926, 966 иап)
1944-06-01	ПВО	ПВО ДА		3-й корпус ПВО 	29, 36 зенабр, 742, 784, 1291, 1571, 1580, 1877, 1878 зенап, 39, 202, 384, 389 озадн, 33 зенпулп, 38, 45 зенпрожп, 8, 28 одн АЗ, 4, 8, 39 об ВНОС		142 иад (423, 632, 722, 786, 862 иап)
1944-06-01	ПВО	ПВО ДА		4-й корпус ПВО	9 отд. зенабр (1873 зенап, 86, 259, 420, 510 озадн, 550, 551, 552, 553, 554 зенбатр, 13 зенпулб, 87 об ВНОС, 65-й радиобатальон ВНОС, 36, 136, 141, 171, 199 озенбрп), 546, 590, 1569, 1808, 1872, 1886 зенап, 153, 200, 243, 252, 287, 289, 290, 291, 343, 356, 358, 416, 423, 480 озадн, 11, 35, 41 зенпулп, 546 зенбатр, 34 зенпулб, 664 зенпулр, 13, 24 зенпрожб, 11 об ВНОС, 43, 58, 73, 127, 174, 198, 208, 220 озенбрп		148 иад (148 гв., 439, 907 иап), 36 иад (591, 827 иап)
1944-06-01	ПВО	ПВО ДА		78 дивизия ПВО 	1568, 1805 зенап, 84, 160, 171, 213, 318, 372 озадн, 34 зенпулп, 24 зенбатр, 736 зенпулр, 19 зенпрожб, 26 одн АЗ, 41 об ВНОС		104 иад (119, 729, 730 иап)
1944-06-01	ПВО	ПВО ДА		79 дивизия ПВО	55, 74, 99, 272, 413 озадн, 20, 21 зенбатр, 29 зенпулб, 13, 106 об ВНОС
1944-06-01	ПВО	ПВО ДА		80 дивизия ПВО 	201, 1424, 1566, 1567, 1875 зенап, 38, 40, 62, 192, 197, 231, 362, 380 озадн, 14, 18 зенпулб, 659, 660 зенпулр, 1 оо АЗ, 77, 105 об ВНОС		147 иад (143, 740, 959, 964, 1005 иап)
1944-06-01	ПВО	ПВО ДА		81 дивизия ПВО 	574, 1088, 1883, 1928 зенап, 56, 148, 274, 368 озадн, 37 зенпулп, 3, 4 зенбатр, 25 зенпулб, 123, 791, 1127, 1128 зенпулр, 34 зенпрожб, 7, 90, 98, 104 об ВНОС, 217, 222, 223 озенбрп		328 иад (495, 960 иап)
1944-06-01	ПВО	ПВО ДА		82 дивизия ПВО 	732, 1573, 1574 зенап, 2 зенбатр, 2 зенпулб (управление), 2, 120, 636 зенпулр, 29 зенпрожб, 58, 82 об ВНОС, 124, 188 озенбрп		125 иад (651, 787, 1006 иап)
1944-06-01	ПВО	ПВО ДА		83 дивизия ПВО 	73 зенабр, 767, 1857, 1859 зенап, 285 озадн, 10 зенпулб, 52, 97 об ВНОС
1944-06-01	ПВО	ПВО ДА		84 дивизия ПВО 	733, 1876 зенап, 173, 212, 238, 265, 283, 306, 418 озадн, 45 зенпулп, 22, 35 зенпулб, 26 зенпрожб, 69, 103 об ВНОС, 131, 202, 205 озенбрп		36 иад (383, 785, 826 иап)
1944-06-01	ПВО	ПВО ДА	Особая Московская армия ПВО		1 гв., 50, 51, 52, 53, 54, 55, 56, 57, 58, 59, 60, 61, 62, 63, 75, 89 зенад, 1, 2 зенпулд, 1, 2, 3, 4 зенпрожд, 1, 2, 3 дивизия АЗ, 1, 2 дивизия ВНОС, 340, 347, 512, 515, 1866, 1867, 1868 зенап, 207, 232, 237, 240, 244, 257, 270, 349, 350 озадн, 26, 27, 28 зенпулб, 18-й радиополк ВНОС, 210 озенбрп
1944-06-01	ПВО	ПВО ДА	1 воздушная истребительная армия ПВО				317 иад (34, 67, 736 иап), 318 иад (11, 28, 562, 564, 565 иап), 319 иад (177, 178, 309, 445 иап), 320 иад (12 гв., 16, 126, 429, 488 иап)
1944-06-01	ПВО	ПВО ДА	Ленинградская армия ПВО		77 дивизия ПВО (Волховский, Осиновецкий зенап, 36 гв., 1, 15, 25, 37, 65, 69, 214, 225, 253, 391, 434, 447 озадн, 124 зенпулр, 42, 47 об ВНОС, 183, 191 озенбрп), 43, 48, 54, 72, 83, 84, 110, 111, 128 зенабр, 522, 524, 1132, 1134, 1804 зенап, 20 озадн, 2 зенпулп, 1, 2, 3, 4, 5, 6 зенбатр, 5 зенплавбатр, 2 зенпрожп, 4, 14 полк АЗ, 2 полк ВНОС, 72 радиобатальон ВНОС		2 гв. иак (11, 26, 27, 102, 103 гв., 400, 401, 403, 404 иап)
1944-06-01	ПВО	ПВО ДА	Южный фронт ПВО	5-й корпус ПВО	720, 1078, 1861, 1865 зенап, 43 зенпрожп, 4 одн АЗ, 17 об ВНОС		144 иад (405, 743, 963 иап)
1944-06-01	ПВО	ПВО ДА		6-й корпус ПВО 	79, 82, 250, 374, 583, 1575, 1870 зенап, 57, 79, 141, 267, 279, 364 озадн, 9 зенпулп, 11 зенпулб, 671 зенпулр, 35 зенпрожб, 23, 44 об ВНОС, 130, 189, 218 озенбрп		310 иад (268, 348, 802 иап)
1944-06-01	ПВО	ПВО ДА		7-й корпус ПВО 	251, 317, 383, 731, 1083, 1572, 1807, 1869, 1871 зенап, 18, 91, 93, 201, 277, 353, 379, 430, 501 озадн, 4, 7, 31 зенпулп, 42 зенпрожп, 4 полк ВНОС, 15 зенпулб, 1132 зенпулр, 2 оо АЗ, 55, 72, 135, 136, 137, 181, 185, 187, 196, 212 озенбрп		9 иак (39, 146 гв., 234, 573, 586, 894, 1007 иап)
1944-06-01	ПВО	ПВО ДА		8-й корпус ПВО	3 отд. зенабр (1864 зенап, 106, 182, 269, 415 озадн, 8 зенпулп, 22, 86 об ВНОС, 29-й радиобатальон ВНОС, 122, 126, 209, 211, 214 озенбрп), 254, 544, 1423, 1806, 1860 зенап, 189, 191, 254, 255, 281, 303, 361, 374, 395, 471, 511 озадн, 36, 46 зенпулп, 545, 546, 547, 548, 549 зенбатр, 5 зенпулб, 1131 зенпулр, 28 зенпрожб, 50, 56, 100 об ВНОС, 33, 121, 125, 129, 138, 142, 143, 184, 200, 203, 206 озенбрп		141 иад (631, 908 иап)
1944-06-01	ПВО	ПВО ДА		9-й корпус ПВО 	73 гв., 748 зенап, 10, 14 об ВНОС		123 иад (933 иап)
1944-06-01	ПВО	ПВО ДА		10-й корпус ПВО 	1079, 1080, 1563, 1564, 1862 зенап, 266, 273, 282, 292, 359, 419 озадн, 5 зенпулп, 730, 732 зенпулр, 41 зенпрожб, 9 оо АЗ, 33, 46, 99 об ВНОС		27 иад (934, 1008 иап)
1944-06-01	ПВО	ПВО ДА		11-й корпус ПВО	329, 415, 1858, 1884 зенап, 3, 58, 82, 135, 280, 297, 319, 334, 383 озадн, 32, 40 зенпулп, 4 зенпулб, 36 зенпрожб, 19, 63, 74 об ВНОС, 140, 213, 225 озенбрп		10 иак (182, 266, 628, 738, 833, 961 иап)
1944-06-01	ПВО	ПВО ДА		12-й корпус ПВО 	485, 527, 540, 679, 1809, 1856 зенап, 11, 23, 37, 80, 89, 90, 151, 174, 211, 236, 249, 294, 299, 310, 366, 370, 375 озадн, 6, 43 зенпулп, 89 зенбатр, 16, 162 зенпулб, 63, 729, 803, 1129, 1130 зенпулр, 12, 16 зенпрожб, 5, 16, 57, 67, 70, 89 об ВНОС, 43 радиобатальон ВНОС, 54, 132, 139, 144, 168, 169, 170, 178, 179, 186, 194, 195, 204, 219, 221, 224 озенбрп		2 гв. иад (38, 83, 84 гв. иап)
1944-06-01	ПВО	ПВО ДА		85 дивизия ПВО 	736, 1874 зенап, 180, 425 озадн, 23 зенпулб, 85, 101 об ВНОС
1944-06-01	ПВО	ПВО ДА		86 дивизия ПВО 	183 зенап, 85, 96 озадн, 802 зенпулр, 15 зенпрожб, 2, 62 об ВНОС
1944-06-01	ПВО	ПВО ДА		87 дивизия ПВО 	454, 734, 1077, 1425, 1570, 1576 зенап, 36, 53, 143, 286, 381, 433 озадн, 38 зенпулп, 40 зенпрожп, 60, 61, 790 зенпулр, 15, 68, 88 об ВНОС, 172 озенбрп		123 иад (936, 965 иап)
1944-06-01	ПВО	ПВО ДА		88 дивизия ПВО 	16, 744, 1879 зенап, 411, 422 озадн, 64 зенпулр, 76 об ВНОС		126 иад (652, 822 иап)
1944-06-01	ПВО	ПВО ДА		Астраханский бригадный район ПВО
1944-06-01	ПВО		Закавказский фронт ПВО		2 отд. зенабр (345, 443, 638, 1882 зенап, 62 зенпулр, 5-й полк ВНОС, 21 зенпрожб)		298 иад (982, 983 иап)
1944-06-01	ПВО	ПВО НДФ	Закавказский фронт ПВО		8 отд. зенабр (352, 466 зенап, 76, 365, 392, 393, 571 озадн, 124, 127 зенбатр, 20, 49 зенпулб, 97 зенпулр, 33 зенпрожб, 7 одн АЗ, 24 об ВНОС, 180 озенбрп)		298 иад (35 иап)
1944-06-01	ПВО	ПВО НДФ	Бакинская армия ПВО		57, 70, 129, 130, 131, 132, 133 зенабр, 180, 339, 1880, 1881 зенап, 3, 39 зенпулп, 128, 137 зенбатр, 3 зенпрожп, 5 полк АЗ, 28-й полк ВНОС		8 иак ПВО (82, 480, 481, 922, 962 иап)
1944-06-01	ПВО	ПВО НДФ	Забайкальская зона ПВО		387 озадн		297 иад (938, 939 иап)
1944-06-01	ПВО	ПВО НДФ	Забайкальская зона ПВО	1-й бригадный район 	10, 132, 162, 390 озадн, 25, 79 об ВНОС
1944-06-01	ПВО	ПВО НДФ	Забайкальская зона ПВО	2-й бригадный район 	150, 187, 262, 264, 408 озадн, 80 об ВНОС
1944-06-01	ПВО	ПВО НДФ	Забайкальская зона ПВО	3-й бригадный район 	750 зенап, 107, 166 озадн, 55 об ВНОС
1944-06-01	ПВО	ПВО НДФ	Дальневосточная зона ПВО		45 зенпулб		149 иад (18, 60 иап)
1944-06-01	ПВО	ПВО НДФ	Дальневосточная зона ПВО	5 отд. зенабр 	749 зенап, 8 зенпулб, 25 зенпрожб, 12 одн АЗ
1944-06-01	ПВО	ПВО НДФ	Дальневосточная зона ПВО	Хабаровский бригадный район 	1887 зенап, 163, 217 озадн, 20, 53 об ВНОС
1944-06-01	ПВО	ПВО НДФ	Дальневосточная зона ПВО	Куйбышевский бригадный район 	757 зенап, 138, 167, 175, 195 озадн, 38 об ВНОС
1944-06-01	ПВО	ПВО НДФ	Дальневосточная зона ПВО	Бикинский бригадный район 	147, 155, 190, 398 озадн, 12 об ВНОС
1944-06-01	ПВО	ПВО НДФ	Дальневосточная зона ПВО	Спасский бригадный район 	639 зенап, 4, 152, 543 озадн, 54 об ВНОС
1944-06-01	ПВО	ПВО НДФ	Дальневосточная зона ПВО	Ворошиловский бригадный район 	755 зенап, 78, 186 озадн, 37 об ВНОС
1944-06-01	ПВО	ПВО НДФ	Дальневосточная зона ПВО	Комсомольский бригадный район 	752 зенап, 305, 465 озадн, 75 об ВНОС
1944-06-01	ПВО	ПВО НДФ	Дальневосточная зона ПВО	Николаевский бригадный район 	1919 зенап, 102, 456, 457 озадн, 61 об ВНОС
1944-06-01	РС ВГК	4 УФ
1944-06-01	РС ВГК		2 гвардейская армия	11 гв. ск (2, 32, 33 гв. сд), 13 гв. ск (3, 24, 87 гв. сд), 54 ск (126, 263, 346 сд)	150 пабр, 113 гв. иптап, 483 минп, 1530 зенап			355 оиб
1944-06-01	РС ВГК		51 армия	1 гв. ск (87, 279, 347 сд), 10 ск (91, 216, 257 сд), 63 ск (77, 267, 417 сд)	151 пабр, 764 иптап, 125 минп, 77 гв. зенап			275 осапб
1944-06-01	РС ВГК		5 гвардейская танковая армия		678 гап, 689 иптап, 76 гв. мп, 6 зенад (146, 366, 516, 1062 зенап)	3 гв. тк (3, 18, 19 гв. тбр, 2 гв. мсбр, 376 гв. тсап, 1436, 1496 сап, 749 оиптдн, 266 минп, 10 гв. мцб, 324 гв. мдн, 1701 зенап), 29 тк (25, 31, 32 тбр, 53 мсбр, 14 гв. тп, 1223, 1446 сап, 108 иптап, 271 минп, 75 мцб, 11 гв. мдн), 1 гв. мцп	994 нбап	377 оиб
1944-06-01	РС ВГК		8 воздушная армия		1559, 1560, 1600, 1601, 1602, 1603, 1609 зенап		1 сак (214 шад, 129 иад), 7 шак (206, 289 шад), 2 иак (7 гв., 322 иад), 3 иак (265, 278 иад), 334 бад, 300 шад, 6 гв., 329 иад, 2 гв. нбад, 8 рап, 100 крап, 406 нбап, 678 трап, 5 санап, 87 гв. ап ГВФ
1944-06-01	РС ВГК			103 ск (29, 270 сд), 4 гв. кк (9, 10 гв., 30 кд, 1815 сап, 152 гв. иптап, 12 гв. мп, 4 гв. оиптдн, 68 гв. миндн, 255 зенап)	20 адп (34 лабр, 53 пабр, 60 габр, 93 тгабр, 102 габр БМ, 20 минбр), 26 ад (75 лабр, 56 пабр, 77 габр), 15, 30 гв., 4, 62, 155, 157, 159 пабр, 32 гв., 117 габр БМ, 7 адп (105 габр БМ), 1517, 1518, 1522 кпап, 1231 гап, 5 гв., 5, 15, 16, 35 иптабр, 992, 1174 иптап, 315, 317 оадн ОМ, 29 минбр, 195, 197 горно-вьючн. минп, 4 гв. мд (13, 30, 31 гв. мбр), 1 гв. мбр, 2, 4, 19, 20, 44, 49, 67 гв. мп, 1, 2, 3 горно-вьючн. гв. мдн, 2 зенад (1069, 1086, 1113, 1117 зенап), 15 зенад (281, 342, 723, 1264 зенап), 18 зенад (160, 166, 270 гв., 297 зенап), 19 зенад (1332, 1338, 1344, 1350 зенап), 272 гв., 257, 459, 622, 740, 1485 зенап	1 гв. тк (15, 16, 17 гв. тбр, 1 гв. мсбр, 1001, 1296 сап, 1 гв., 65 мцб, 455 минп, 43 гв. мдн, 80 гв. зенап), 1 тк (89, 117, 159 тбр, 44 мсбр, 1437, 1514 сап, 86 мцб, 108 минп, 10 гв. мдн, 1720 зенап), 1 гв. мк (1, 2, 3 гв. мехбр, 9 гв. тбр, 1504, 1818 сап, 116 гв. ап, 11 гв. мцб, 267 минп, 741 оиптдн, 407 гв. мдн, 1699 зенап), 1 мк (19, 35, 37 мехбр, 219 тбр, 75, 1822 сап, 294 минп, 57 мцб, 41 гв. мдн, 1382 зенап), 2 гв. тк (4, 25, 26 гв. тбр, 4 гв. мсбр, 401 гв., 1500 сап, 273 минп, 79 мцб, 28 гв. мдн, 1695 зенап), 2 гв. мк (4, 5, 6 гв. мехбр, 37 гв. тбр, 251 гв., 1509 сап, 524 минп, 99 мцб, 408 гв. мдн, 159 зенап), 3 гв. мк (7, 8, 9 гв. мехбр, 35 гв. тбр, 1510, 1823 сап, 129 минп, 1 гв. мцб, 743 оиптдн, 334 гв. мдн, 1705 зенап), 5 гв. мк (10, 11, 12 гв. мехбр, 24 гв. тбр, 104 гв., 1447 сап, 285 минп, 2 гв. мцб, 409 гв. мдн), 7 гв. мк (24, 25, 26 гв. мехбр, 57 гв. тбр, 291 гв., 1820 сап, 468 гв. минп, 5 гв. мцб, 410 гв. мдн, 288 гв. зенап), 8 мк (66, 67, 68 мехбр, 116 тбр, 69 сап, 615 минп, 114 сап, 97 мцб, 205 гв. мдн, 1716 зенап), 10 тк (178, 183, 186 тбр, 11 мсбр, 727, 1450 сап, 287 минп, 390 оиптдн, 128 гв. мдн, 77 мцб, 1693 зенап), 19 тк (79, 101, 202 тбр, 26 мсбр, 867, 875, 1452 сап, 91 мцб, 1511 иптап, 179 минп, 1717 зенап), 20 тк (8 гв., 80, 155 тбр, 7 гв. мсбр, 1895 сап, 96 мцб, 1505 иптап, 291 минп, 735 оиптдн, 406 гв. мдн, 1711 зенап), 8, 13, 22, 53 гв., 40, 119, 510, 516 отп, 298 гв., 1892 сап, 335 гв. тсап, 4, 5, 52 мцп, 512 отб, 5 гв. оабрб, 33, 46 одн брп	4 шак (196, 199 шад), 1 гв. иак (3, 4 гв. иад), 8 иак (215, 323 иад), 6 гв. бад, 1 гв. шад, 130 иад, 1000 шап, 73 трад ДД
1944-06-01	ВО	Московский ВО		37 гв. ск (98, 99, 100 гв. сд), 11, 12, 13, 16 гв. вдд, 77, 91, 157 УР	1 гв., 2, 3, 4, 5, 6 кабр, 152, 153, 156 пабр, 112, 122 габр, 1074 пап, 322, 328, 330, 331 оадн ОМ, 402, 406 опадн БМ, 27, 36, 45, 47 иптабр, 1160, 1161 иптап, 6, 8 тминбр, 6 гв. мд (управление, 4 гв. мбр), 26, 34, 42, 89, 100, 326 гв. мп, 348 гв. мдн, 7, 8, 16, 19 отд. батареи ОМ, 47 зенад (1585, 1586, 1591, 1592 зенап), 66 зенад (1981, 1985, 1989, 1993 зенап), 67 зенад (1982, 1986, 1990, 1994 зенап), 72 зенад (253, 309, 582, 870 зенап), 73 зенад (205, 402, 430, 442 зенап), 74 зенад (445, 457, 498, 499 зенап), 1885 зенап, 67, 94, 95, 104, 449 озадн	6, 32 гв., 29, 149, 232 тбр, 47 мехбр, 16, 19, 22 сабр, 3, 7, 15, 28, 30, 32, 34, 35, 36, 48, 49, 56, 57, 64, 70 гв., 65, 148, 166, 253, 261, 513, 517 отп, 333, 334, 336, 337, 338, 339, 340, 341, 342, 343, 344, 345, 346, 347, 348, 354, 377, 378, 395 гв. тсап, 1239, 1434, 1456, 1457, 1460, 1540 сап, 272, 273, 274, 275, 283, 284, 285, 286 омб «ОСНАЗ», 4 самох. арт. дивизион, 79 одн брп ПВО, 226, 227, 228, 229, 230, 231 озенбрп	188, 327 бад, 189, 332 шад, 330 иад, 2, 4 ад ОН, 47, 48 гв., 859 рап, 75, 79, 81, 82 краэ	1 гв., 5 шисбр, 20, 21 мшисбр, 9, 14 гв. батальоны минеров, 77, 78, 384 оиб, 37, 97 пмб	11, 28, 30, 31, 32, 33, 34, 36, 38, 40, 41, 42, 43, 44, 45, 46, 519 ооб
1944-06-01	ВО	Архангельский ВО		25 сд, 143, 488 опаб	310 пап, 1, 6 батареи БМ		114 иап
1944-06-01	ВО	Белорусский ВО			2 акп, 226, 245, 316 оадн ОМ			38 оиб
1944-06-01	ВО	Орловский ВО			8 акп, 6 гв. адп (69 лабр, 29 гв. пабр, 134 габр, 87 тгабр, 4 минбр), 12 адп (46 лабр, 41 пабр, 32 габр, 89 тгабр, 104 габр БМ, 11 минбр), 1179 иптап		56 ад ДД, 272 иап, 90 рап, 76, 77 краэ	69 оиб
1944-06-01	ВО	Киевский ВО			3, 19, 23, 37, 38 иптабр, 70 зенад (1997, 2001, 2005, 2009 зенап), 71 зенад (1998, 2002, 2006, 2010 зенап)		245 шап	6 горн. исбр, 68 оиб
1944-06-01	ВО	Одесский ВО					13 иак (193, 194 иад), 136 шад	327 оиб
1944-06-01	ВО	Харьковский ВО			124 габр БМ, 12, 14, 21, 25, 33 иптабр, 196, 253 горно-вьючн. минп	5, 31, 33 гв., 11, 129, 144, 201, 254 тбр, 14 сабр, 243 отп, 252 гв., 881, 999, 1416, 1898 сап	6 шак (197, 198 шад), 620 шап, 896 иап	8 гв. батальон минеров, 35, 66, 238, 376 оиб
1944-06-01	ВО	Приволжский ВО			327 гв. мп, 40 зенад (1407, 1411, 1415, 1527 зенап)
1944-06-01	ВО	Северо-Кавказский ВО			20 зенад (1333, 1339, 1345, 1351 зенап)	8, 12, 66 одн брп		1 горн. исбр
1944-06-01	НДФ	ЗакФ	4 армия	58 ск (68 гв. сд, 75 сд, 89, 90 сбр), 15 кк (1, 23, 39 кд, 1595 иптап, 15 оиптдн, 17 миндн)		15 оминбрп
1944-06-01	НДФ	ЗакФ	45 армия	261, 349 сд, 55, 69 УР	39 гв. пап, 140, 233 иптап, 20 минп, 862, 1653 зенап	226, 227 тбр, 42, 65 одн брп		10 оиб
1944-06-01	НДФ	ЗакФ		12 ск (296, 392, 406 сд), 13 ск (402 сд, 94, 133 сбр), 51, 151 УР	126 габр БМ, 1677 кпап, 44 минбр, 1254, 1652 зенап	230 тбр, 263, 270, 271 отп, 11, 19, 36, 41 одн брп, 20 обрп	25, 167, 246, 978 иап, 492 шап, 149 раэ, 335 драэ	337 оиб
1944-06-01	ВО	Средне-Азиатский ВО		93 сбр			333 шад, 238 иад	125, 126 оиб
1944-06-01	НДФ	ЗабФ	17 армия	85 ск (36, 57 мсд, 284 сд, 1, 3 мсп)	185, 624, 629, 1141 пап, 413 гап, 1910 иптап, 178 минп, 1914 зенап, 63, 66, 376, 382 озадн	61 тд, 43 тбр, 25 мехбр, 30 мцп, 70, 82 отб, 67 обрп		102, 969 оиб, 84 пмб
1944-06-01	НДФ	ЗабФ	36 армия	86 ск (94, 209, 210, 278, 298 сд), 31 УР	267, 390, 1233 пап, 259 гап, 1912 иптап, 177 минп, 190 горно-вьючн. минп, 1915, 1916 зенап, 120, 401, 405, 414 озадн	33, 35 отб, 68, 69 обрп		39 оиб
1944-06-01	НДФ	ЗабФ	12 воздушная армия				30, 247 бад, 248, 316 шад, 245, 246 иад, 846 шап, 12 рап, 23 тбаэ, 40, 41 краэ
1944-06-01	НДФ	ЗабФ		2 ск (103, 275, 292, 293 сд, 368 гсп), 59 кд, 32 УР, 1, 2 опдб	1142, 1143 пап, 106, 1146 гап БМ, 1913 иптап, 176 минп, 32 гв. мп, 1917, 1918 зенап, 410 озадн	111 тд, 44, 205, 206 тбр, 70, 79 обрп		281, 283, 382, 383 оиб, 1, 2, 17 пмб
1944-06-01	НДФ	ДВФ ПГВ	1 армия	26 ск (22, 59 сд), 59 ск (39 сд, 29 сбр), 87 ск (231, 300 сд, 113 сбр), 187 сд, 84 кд, 6, 105, 112 УР	50, 273, 1124, 1125, 1139 пап, 45, 87 гап, 199 гап БМ, 1594, 1630, 1631 иптап, 24, 168, 451, 452 минп, 33 гв. мп, 1588, 1647 зенап, 43, 115, 129, 300 озадн	75, 77, 210, 257 тбр, 48 отп, 3, 78 одн брп, 69 озенбрп	26, 27 краэ	45 исбр
1944-06-01	НДФ	ДВФ ПГВ	25 армия	17 ск (190 сд, 21, 247 сбр), 39 ск (40 сд, 8, 158, 262 сбр), 12, 261 сбр, 7, 106, 107, 108, 110, 111, 113 УР, 175, 1407 осп, 84, 86 опулб	282, 548, 1127, 1136 пап, 107, 148 гап, 1192 гап БМ, 100 оадн, 555, 1627, 1629 иптап, 180, 453, 464, 473 минп, 1590 зенап, 22, 24, 28, 721 озадн	76, 218, 259 тбр, 42 мехбр, 9 одн брп, 23, 62 озенбрп	30, 39 краэ	46 исбр, 334 оиб
1944-06-01	НДФ	ДВФ ПГВ	9 воздушная армия				34 бад, 33 сад, 251, 252 шад, 32, 249, 250 иад, 528 иап, 6 рап
1944-06-01	НДФ	ДВФ ПГВ		88 ск (105, 258, 335 сд)	1126, 1138 пап, 1471, 1634 иптап, 182 минп	72, 204 тбр
1944-06-01	НДФ	ДВФ	2 армия	3, 12 сд, 17, 41, 258, 259 сбр, 101 УР, 8 осб, 135 опулб	42, 1120, 1140 пап, 147, 1129 гап, 550 гап БМ, 192 отпадн, 1628, 1632 иптап, 181, 465 минп, 1589 зенап, 9, 42 озадн	73, 74, 258 тбр, 2 одн брп, 5 об бронедрезин, 24 озенбрп		277 оиб, 10 пмб
1944-06-01	НДФ	ДВФ	15 армия	34, 255 сд, 18, 38, 260 сбр, 4, 102 УР, 20 осб	52, 145, 424, 1121, 1637 пап, 1194 гап БМ, 117 отпадн, 1633 иптап, 183, 470 минп, 1648 зенап, 46, 302 озадн	165, 171, 203 тбр, 77 одн брп, 59 озенбрп		3 тпмп, 129 оиб, 11, 24, 29 пмб
1944-06-01	НДФ	ДВФ	16 армия	56 ск (79, 101 сд, 2, 5 сбр, 302, 432, 540 осп, 5, 6, 7, 206 осб), 103, 104 УР, Сахалинский осп	433 пап, 428, 487 гап, 82 оадн, 362, 367, 428 отпадн, 726 озадн	214 тбр
1944-06-01	НДФ	ДВФ	35 армия	5 ск (35, 66, 264 сд, 30, 95, 246 сбр, 1408 осп), 8, 109 УР	76, 187, 1122, 1123 пап, 177, 263, 1133 гап, 549, 1193 гап БМ, 1635, 1636 иптап, 472 минп, 1649 зенап, 110, 355 озадн	125, 172, 208, 209 тбр, 72 мехбр, 13 одн брп, 53, 61 озенбрп	38 краэ	280 оиб, 3, 16, 132 пмб
1944-06-01	НДФ	ДВФ	10 воздушная армия				53, 83 бад, 253 шад, 254 сад, 29 иад, 7 рап, 19 иаэ, 28 краэ
1944-06-01	НДФ	ДВФ	11 воздушная армия				82 бад, 96, 296 сад, 3 иап, 140 драэ
1944-06-01	НДФ	ДВФ		88 сбр, 202 вдбр	505 озадн	678 отб, 76 одн брп, 68 озенбрп	128, 255 сад, 251 тбап, 799 рап, 29 краэ	47 исбр, 26 оиб
