001	1942-04-01	ДА
001	1942-04-01	ДА	КарФ
001	1942-04-01	ДА	КарФ	14 армия
001	1942-04-01	ДА	КарФ	14 армия	10 гв.
001	1942-04-01	ДА	КарФ	14 армия	104 сд
001	1942-04-01	ДА	КарФ	14 армия	122 сд
001	1942-04-01	ДА	КарФ	14 армия	77 морские сбр
001	1942-04-01	ДА	КарФ	14 армия	5 лыжбр
001	1942-04-01	ДА	КарФ	14 армия	6 лыжбр
001	1942-04-01	ДА	КарФ	14 армия	11 олыжб
001	1942-04-01	ДА	КарФ	14 армия	12 олыжб
001	1942-04-01	ДА	КарФ	14 армия	202 олыжб
001	1942-04-01	ДА	КарФ	14 армия	104 пап
001	1942-04-01	ДА	КарФ	14 армия	471 пап
001	1942-04-01	ДА	КарФ	14 армия	429 отб
001	1942-04-01	ДА	КарФ	14 армия	145 иап
001	1942-04-01	ДА	КарФ	14 армия	147 иап
001	1942-04-01	ДА	КарФ	14 армия	197 иап
001	1942-04-01	ДА	КарФ	14 армия	760 иап
001	1942-04-01	ДА	КарФ	14 армия	668 лбап
001	1942-04-01	ДА	КарФ	14 армия	679 лбап
001	1942-04-01	ДА	КарФ	14 армия	31 оиб
001	1942-04-01	ДА	КарФ	14 армия	259 оиб
001	1942-04-01	ДА	КарФ	14 армия	279 оиб
002	1942-04-01	ДА	КарФ	32 армия
002	1942-04-01	ДА	КарФ	32 армия	37 сд
002	1942-04-01	ДА	КарФ	32 армия	71 сд
002	1942-04-01	ДА	КарФ	32 армия	1861 сд
002	1942-04-01	ДА	КарФ	32 армия	263 сд
002	1942-04-01	ДА	КарФ	32 армия	289 сд
002	1942-04-01	ДА	КарФ	32 армия	313 сд
002	1942-04-01	ДА	КарФ	32 армия	65 морские сбр
002	1942-04-01	ДА	КарФ	32 армия	66 морские сбр
002	1942-04-01	ДА	КарФ	32 армия	2 лыжбр
002	1942-04-01	ДА	КарФ	32 армия	197 олыжб
002	1942-04-01	ДА	КарФ	32 армия	198 олыжб
002	1942-04-01	ДА	КарФ	32 армия	17 оминб
002	1942-04-01	ДА	КарФ	32 армия	6 оаэсб
002	1942-04-01	ДА	КарФ	32 армия	9 оаэсб
002	1942-04-01	ДА	КарФ	32 армия	36 оаэсб
002	1942-04-01	ДА	КарФ	32 армия	17 гв. шап
002	1942-04-01	ДА	КарФ	32 армия	152 иап
002	1942-04-01	ДА	КарФ	32 армия	609 иап
002	1942-04-01	ДА	КарФ	32 армия	261 оиб
002	1942-04-01	ДА	КарФ	32 армия	1212 осб
002	1942-04-01	ДА	КарФ	32 армия	1215 осб
003	1942-04-01	ДА	КарФ	Кемская оперативная группа
003	1942-04-01	ДА	КарФ	Кемская оперативная группа	23 гв.
003	1942-04-01	ДА	КарФ	Кемская оперативная группа	54 сд
003	1942-04-01	ДА	КарФ	Кемская оперативная группа	3 лыжбр
003	1942-04-01	ДА	КарФ	Кемская оперативная группа	143 олыжб
003	1942-04-01	ДА	КарФ	Кемская оперативная группа	199 олыжб
003	1942-04-01	ДА	КарФ	Кемская оперативная группа	200 олыжб
003	1942-04-01	ДА	КарФ	Кемская оперативная группа	201 олыжб
003	1942-04-01	ДА	КарФ	Кемская оперативная группа	17 оаэсб
003	1942-04-01	ДА	КарФ	Кемская оперативная группа	25 оаэсб
003	1942-04-01	ДА	КарФ	Кемская оперативная группа	35 оаэсб
003	1942-04-01	ДА	КарФ	Кемская оперативная группа	54 оаэсб
004	1942-04-01	ДА	КарФ	367 сд
004	1942-04-01	ДА	КарФ	85 морские сбр
004	1942-04-01	ДА	КарФ	15 оминб
004	1942-04-01	ДА	КарФ	16 оминб
004	1942-04-01	ДА	КарФ	32 озадн
004	1942-04-01	ДА	КарФ	261 озадн
004	1942-04-01	ДА	КарФ	298 озадн
004	1942-04-01	ДА	КарФ	3 оаэсб
004	1942-04-01	ДА	КарФ	608 ббап
004	1942-04-01	ДА	КарФ	1 сбр
004	1942-04-01	ДА	КарФ	90 оиб
005	1942-04-01	ДА	ЛФ
005	1942-04-01	ДА	ЛФ	8 армия
005	1942-04-01	ДА	ЛФ	8 армия	128 сд
005	1942-04-01	ДА	ЛФ	8 армия	177 сд
005	1942-04-01	ДА	ЛФ	8 армия	265 сд
005	1942-04-01	ДА	ЛФ	8 армия	286 сд
005	1942-04-01	ДА	ЛФ	8 армия	6 бр. морской пехоты
005	1942-04-01	ДА	ЛФ	8 армия	24 ап
005	1942-04-01	ДА	ЛФ	8 армия	882 ап
005	1942-04-01	ДА	ЛФ	8 армия	107 отб
005	1942-04-01	ДА	ЛФ	8 армия	154 иап
005	1942-04-01	ДА	ЛФ	8 армия	159 иап
005	1942-04-01	ДА	ЛФ	8 армия	196 иап
005	1942-04-01	ДА	ЛФ	8 армия	12 оиб
005	1942-04-01	ДА	ЛФ	8 армия	112 оиб
006	1942-04-01	ДА	ЛФ	23 армия
006	1942-04-01	ДА	ЛФ	23 армия	94 ап ПТО
006	1942-04-01	ДА	ЛФ	23 армия	14 абр ПТО
006	1942-04-01	ДА	ЛФ	23 армия	241 озадн
006	1942-04-01	ДА	ЛФ	23 армия	106 отб
006	1942-04-01	ДА	ЛФ	23 армия	14 гв. иап
006	1942-04-01	ДА	ЛФ	23 армия	2 оиб
006	1942-04-01	ДА	ЛФ	23 армия	106 оиб
006	1942-04-01	ДА	ЛФ	23 армия	234 оиб
007	1942-04-01	ДА	ЛФ	42 армия 
007	1942-04-01	ДА	ЛФ	42 армия 	13 сд
007	1942-04-01	ДА	ЛФ	42 армия 	85 сд
007	1942-04-01	ДА	ЛФ	42 армия 	189 сд
007	1942-04-01	ДА	ЛФ	42 армия 	247 опаб
007	1942-04-01	ДА	ЛФ	42 армия 	291 опаб
007	1942-04-01	ДА	ЛФ	42 армия 	292 опаб
007	1942-04-01	ДА	ЛФ	42 армия 	14 абр ПТО
007	1942-04-01	ДА	ЛФ	42 армия 	73 ап
007	1942-04-01	ДА	ЛФ	42 армия 	1 ап ПТО
007	1942-04-01	ДА	ЛФ	42 армия 	2 ап ПТО
007	1942-04-01	ДА	ЛФ	42 армия 	3 ап ПТО
007	1942-04-01	ДА	ЛФ	42 армия 	4 ап ПТО
007	1942-04-01	ДА	ЛФ	42 армия 	5 ап ПТО
007	1942-04-01	ДА	ЛФ	42 армия 	89 озадн
007	1942-04-01	ДА	ЛФ	42 армия 	51 отб
007	1942-04-01	ДА	ЛФ	42 армия 	29 оиб
007	1942-04-01	ДА	ЛФ	42 армия 	54 оиб
007	1942-04-01	ДА	ЛФ	42 армия 	585 оиб
008	1942-04-01	ДА	ЛФ	54 армия
008	1942-04-01	ДА	ЛФ	54 армия	4 гв. ск
008	1942-04-01	ДА	ЛФ	54 армия	3 гв. сд
008	1942-04-01	ДА	ЛФ	54 армия	33 сбр
008	1942-04-01	ДА	ЛФ	54 армия	137 сбр
008	1942-04-01	ДА	ЛФ	54 армия	140 сбр
008	1942-04-01	ДА	ЛФ	54 армия	80 сд
008	1942-04-01	ДА	ЛФ	54 армия	115 сд
008	1942-04-01	ДА	ЛФ	54 армия	198 сд
008	1942-04-01	ДА	ЛФ	54 армия	281 сд
008	1942-04-01	ДА	ЛФ	54 армия	285 сд
008	1942-04-01	ДА	ЛФ	54 армия	294 сд
008	1942-04-01	ДА	ЛФ	54 армия	311 сд
008	1942-04-01	ДА	ЛФ	54 армия	241 олыжб
008	1942-04-01	ДА	ЛФ	54 армия	242 олыжб
008	1942-04-01	ДА	ЛФ	54 армия	243 олыжб
008	1942-04-01	ДА	ЛФ	54 армия	273 олыжб
008	1942-04-01	ДА	ЛФ	54 армия	274 олыжб
008	1942-04-01	ДА	ЛФ	54 армия	275 олыжб
008	1942-04-01	ДА	ЛФ	54 армия	276 олыжб
008	1942-04-01	ДА	ЛФ	54 армия	13 гв.
008	1942-04-01	ДА	ЛФ	54 армия	445 гап
008	1942-04-01	ДА	ЛФ	54 армия	29 гв. мп
008	1942-04-01	ДА	ЛФ	54 армия	51 огв. мдн
008	1942-04-01	ДА	ЛФ	54 армия	115 огв. мдн
008	1942-04-01	ДА	ЛФ	54 армия	16 тбр
008	1942-04-01	ДА	ЛФ	54 армия	98 тбр
008	1942-04-01	ДА	ЛФ	54 армия	122 тбр
008	1942-04-01	ДА	ЛФ	54 армия	124 тбр
008	1942-04-01	ДА	ЛФ	54 армия	44 оаэсб
008	1942-04-01	ДА	ЛФ	54 армия	18 бап
008	1942-04-01	ДА	ЛФ	54 армия	691 лбап
008	1942-04-01	ДА	ЛФ	54 армия	5 оиб
008	1942-04-01	ДА	ЛФ	54 армия	109 оиб
008	1942-04-01	ДА	ЛФ	54 армия	136 оиб
008	1942-04-01	ДА	ЛФ	54 армия	262 оиб
009	1942-04-01	ДА	ЛФ	55 армия
009	1942-04-01	ДА	ЛФ	55 армия	43 сд
009	1942-04-01	ДА	ЛФ	55 армия	56 сд
009	1942-04-01	ДА	ЛФ	55 армия	70 сд
009	1942-04-01	ДА	ЛФ	55 армия	72 сд
009	1942-04-01	ДА	ЛФ	55 армия	90 сд
009	1942-04-01	ДА	ЛФ	55 армия	125 сд
009	1942-04-01	ДА	ЛФ	55 армия	268 сд
009	1942-04-01	ДА	ЛФ	55 армия	267 опаб
009	1942-04-01	ДА	ЛФ	55 армия	289 опаб
009	1942-04-01	ДА	ЛФ	55 армия	290 опаб
009	1942-04-01	ДА	ЛФ	55 армия	12 гв. ап
009	1942-04-01	ДА	ЛФ	55 армия	38 гв. мп
009	1942-04-01	ДА	ЛФ	55 армия	70 озадн
009	1942-04-01	ДА	ЛФ	55 армия	71 озадн
009	1942-04-01	ДА	ЛФ	55 армия	84 отб
009	1942-04-01	ДА	ЛФ	55 армия	86 отб
009	1942-04-01	ДА	ЛФ	55 армия	325 оиб
009	1942-04-01	ДА	ЛФ	55 армия	367 оиб
010	1942-04-01	ДА	ЛФ	Невская оперативная группа
010	1942-04-01	ДА	ЛФ	Невская оперативная группа	86 сд
010	1942-04-01	ДА	ЛФ	Невская оперативная группа	1 сд НКВД
010	1942-04-01	ДА	ЛФ	Невская оперативная группа	6 ап ПТО
010	1942-04-01	ДА	ЛФ	Невская оперативная группа	7 ап ПТО
010	1942-04-01	ДА	ЛФ	Невская оперативная группа	48 отб
011	1942-04-01	ДА	ЛФ	Приморская оперативная группа
011	1942-04-01	ДА	ЛФ	Приморская оперативная группа	48 сд
011	1942-04-01	ДА	ЛФ	Приморская оперативная группа	168 сд
011	1942-04-01	ДА	ЛФ	Приморская оперативная группа	5 бр. морской пехоты
011	1942-04-01	ДА	ЛФ	Приморская оперативная группа	3 осп морской пехоты
011	1942-04-01	ДА	ЛФ	Приморская оперативная группа	519 гап
011	1942-04-01	ДА	ЛФ	Приморская оперативная группа	39 озадн
011	1942-04-01	ДА	ЛФ	Приморская оперативная группа	287 отб
011	1942-04-01	ДА	ЛФ	Приморская оперативная группа	295 оиб
012	1942-04-01	ДА	ЛФ	56 осп
012	1942-04-01	ДА	ЛФ	483 осп
012	1942-04-01	ДА	ЛФ	40 оминдн
012	1942-04-01	ДА	ЛФ	123 тбр
012	1942-04-01	ДА	ЛФ	44 бап
012	1942-04-01	ДА	ЛФ	50 каэ
012	1942-04-01	ДА	ЛФ	2 сбр
012	1942-04-01	ДА	ЛФ	21 пмб
012	1942-04-01	ДА	ЛФ	41 пмб
012	1942-04-01	ДА	ЛФ	42 пмб
013	1942-04-01	ДА	ВолФ
013	1942-04-01	ДА	ВолФ	2 ударная армия
013	1942-04-01	ДА	ВолФ	2 ударная армия	13 кк
013	1942-04-01	ДА	ВолФ	2 ударная армия	25 кд
013	1942-04-01	ДА	ВолФ	2 ударная армия	80 кд
013	1942-04-01	ДА	ВолФ	2 ударная армия	87 кд
013	1942-04-01	ДА	ВолФ	2 ударная армия	40 олыжб
013	1942-04-01	ДА	ВолФ	2 ударная армия	18 ап
013	1942-04-01	ДА	ВолФ	2 ударная армия	442 ап
013	1942-04-01	ДА	ВолФ	2 ударная армия	168 гап
013	1942-04-01	ДА	ВолФ	2 ударная армия	3 д
013	1942-04-01	ДА	ВолФ	2 ударная армия	24 гв. мп
013	1942-04-01	ДА	ВолФ	2 ударная армия	203 гв. д
013	1942-04-01	ДА	ВолФ	2 ударная армия	306 озадн
013	1942-04-01	ДА	ВолФ	2 ударная армия	166 отб
013	1942-04-01	ДА	ВолФ	2 ударная армия	313 шап
013	1942-04-01	ДА	ВолФ	2 ударная армия	657 лбап
013	1942-04-01	ДА	ВолФ	2 ударная армия	696 лбап
013	1942-04-01	ДА	ВолФ	2 ударная армия	697 лбап
013	1942-04-01	ДА	ВолФ	2 ударная армия	1234 осб
013	1942-04-01	ДА	ВолФ	2 ударная армия	1708 осб
013	1942-04-01	ДА	ВолФ	2 ударная армия	1741 осб
013	1942-04-01	ДА	ВолФ	2 ударная армия	1746 осб
013	1942-04-01	ДА	ВолФ	2 ударная армия	1770 осб
014	1942-04-01	ДА	ВолФ	4 армия
014	1942-04-01	ДА	ВолФ	4 армия	8 гв. ап
014	1942-04-01	ДА	ВолФ	4 армия	3 д
014	1942-04-01	ДА	ВолФ	4 армия	137 гап
014	1942-04-01	ДА	ВолФ	4 армия	4 д
014	1942-04-01	ДА	ВолФ	4 армия	213 озадн
014	1942-04-01	ДА	ВолФ	4 армия	128 отб
014	1942-04-01	ДА	ВолФ	4 армия	667 лбап
014	1942-04-01	ДА	ВолФ	4 армия	689 лбап
014	1942-04-01	ДА	ВолФ	4 армия	248 осб
014	1942-04-01	ДА	ВолФ	4 армия	1242 осб
015	1942-04-01	ДА	ВолФ	52 армия
015	1942-04-01	ДА	ВолФ	52 армия	19 гв.
015	1942-04-01	ДА	ВолФ	52 армия	225 сд
015	1942-04-01	ДА	ВолФ	52 армия	305 сд
015	1942-04-01	ДА	ВолФ	52 армия	376 сд
015	1942-04-01	ДА	ВолФ	52 армия	137 гап б/м 
015	1942-04-01	ДА	ВолФ	52 армия	561 ап
015	1942-04-01	ДА	ВолФ	52 армия	28  
015	1942-04-01	ДА	ВолФ	52 армия	30  
015	1942-04-01	ДА	ВолФ	52 армия	31  
015	1942-04-01	ДА	ВолФ	52 армия	36  
015	1942-04-01	ДА	ВолФ	52 армия	168 озадн
015	1942-04-01	ДА	ВолФ	52 армия	461 озадн
015	1942-04-01	ДА	ВолФ	52 армия	160 отб
015	1942-04-01	ДА	ВолФ	52 армия	193 отб
015	1942-04-01	ДА	ВолФ	52 армия	16 оаэсб
015	1942-04-01	ДА	ВолФ	52 армия	2 гв.
015	1942-04-01	ДА	ВолФ	52 армия	425 иап
015	1942-04-01	ДА	ВолФ	52 армия	796 иап
015	1942-04-01	ДА	ВолФ	52 армия	4 оиб
015	1942-04-01	ДА	ВолФ	52 армия	55 пмб
016	1942-04-01	ДА	ВолФ	59 армия
016	1942-04-01	ДА	ВолФ	59 армия	382 сд
016	1942-04-01	ДА	ВолФ	59 армия	1269 сп
016	1942-04-01	ДА	ВолФ	59 армия	41 олыжб
016	1942-04-01	ДА	ВолФ	59 армия	160 олыжб
016	1942-04-01	ДА	ВолФ	59 армия	165 олыжб
016	1942-04-01	ДА	ВолФ	59 армия	4 гв.
016	1942-04-01	ДА	ВолФ	59 армия	24 гв.
016	1942-04-01	ДА	ВолФ	59 армия	378 сд
016	1942-04-01	ДА	ВолФ	59 армия	8 гв.
016	1942-04-01	ДА	ВолФ	59 армия	60 гап
016	1942-04-01	ДА	ВолФ	59 армия	70 гап
016	1942-04-01	ДА	ВолФ	59 армия	172 гап
016	1942-04-01	ДА	ВолФ	59 армия	827 гап
016	1942-04-01	ДА	ВолФ	59 армия	20 гв. мп
016	1942-04-01	ДА	ВолФ	59 армия	6 гв. д
016	1942-04-01	ДА	ВолФ	59 армия	36 гв. мп
016	1942-04-01	ДА	ВолФ	59 армия	108 гв. д
016	1942-04-01	ДА	ВолФ	59 армия	163 отб
016	1942-04-01	ДА	ВолФ	59 армия	23 одн бронепоездов
016	1942-04-01	ДА	ВолФ	59 армия	658 лбап
016	1942-04-01	ДА	ВолФ	59 армия	660 лбап
016	1942-04-01	ДА	ВолФ	59 армия	3 оиб
016	1942-04-01	ДА	ВолФ	59 армия	771 оиб
016	1942-04-01	ДА	ВолФ	59 армия	1247 осб
017	1942-04-01	ДА	ВолФ	2 рез. авиагруппа
017	1942-04-01	ДА	ВолФ	3 гв.
017	1942-04-01	ДА	ВолФ	41 иап
017	1942-04-01	ДА	ВолФ	520 иап
017	1942-04-01	ДА	ВолФ	121 ббап
017	1942-04-01	ДА	ВолФ	116 раэ
017	1942-04-01	ДА	ВолФ	3 сбр
017	1942-04-01	ДА	ВолФ	1249 осб
017	1942-04-01	ДА	ВолФ	1769 осб
017	1942-04-01	ДА	ВолФ	159 пмб
018	1942-04-01	ДА	СЗФ
018	1942-04-01	ДА	СЗФ	1 ударная армия
018	1942-04-01	ДА	СЗФ	1 ударная армия	129 сд
018	1942-04-01	ДА	СЗФ	1 ударная армия	201 сд
018	1942-04-01	ДА	СЗФ	1 ударная армия	364 сд
018	1942-04-01	ДА	СЗФ	1 ударная армия	27 сбр
018	1942-04-01	ДА	СЗФ	1 ударная армия	41 сбр
018	1942-04-01	ДА	СЗФ	1 ударная армия	44 сбр
018	1942-04-01	ДА	СЗФ	1 ударная армия	47 сбр
018	1942-04-01	ДА	СЗФ	1 ударная армия	116 сбр
018	1942-04-01	ДА	СЗФ	1 ударная армия	121 сбр
018	1942-04-01	ДА	СЗФ	1 ударная армия	2 лыжбр
018	1942-04-01	ДА	СЗФ	1 ударная армия	239 олыжб
018	1942-04-01	ДА	СЗФ	1 ударная армия	248 олыжб
018	1942-04-01	ДА	СЗФ	1 ударная армия	701 пап
018	1942-04-01	ДА	СЗФ	1 ударная армия	26 гв. мп
018	1942-04-01	ДА	СЗФ	1 ударная армия	27 гв. мп
018	1942-04-01	ДА	СЗФ	1 ударная армия	33 огв. мдн
018	1942-04-01	ДА	СЗФ	1 ударная армия	38 огв. мдн
018	1942-04-01	ДА	СЗФ	1 ударная армия	69 тбр
018	1942-04-01	ДА	СЗФ	1 ударная армия	83 тбр
018	1942-04-01	ДА	СЗФ	1 ударная армия	416 иап
018	1942-04-01	ДА	СЗФ	1 ударная армия	744 иап
018	1942-04-01	ДА	СЗФ	1 ударная армия	301 лбаэ
018	1942-04-01	ДА	СЗФ	1 ударная армия	2 оиб
018	1942-04-01	ДА	СЗФ	1 ударная армия	244 оиб
018	1942-04-01	ДА	СЗФ	1 ударная армия	381 оиб
019	1942-04-01	ДА	СЗФ	11 армия
019	1942-04-01	ДА	СЗФ	11 армия	27 гв. мп
019	1942-04-01	ДА	СЗФ	11 армия	228 гв. д
019	1942-04-01	ДА	СЗФ	11 армия	85 отб
019	1942-04-01	ДА	СЗФ	11 армия	103 отб
019	1942-04-01	ДА	СЗФ	11 армия	150 отб
019	1942-04-01	ДА	СЗФ	11 армия	161 отб
019	1942-04-01	ДА	СЗФ	11 армия	161 иап
019	1942-04-01	ДА	СЗФ	11 армия	25 оиб
019	1942-04-01	ДА	СЗФ	11 армия	38 оиб
019	1942-04-01	ДА	СЗФ	11 армия	202 оиб
020	1942-04-01	ДА	СЗФ	34 армия
020	1942-04-01	ДА	СЗФ	34 армия	163 сд
020	1942-04-01	ДА	СЗФ	34 армия	202 сд
020	1942-04-01	ДА	СЗФ	34 армия	271 сд
020	1942-04-01	ДА	СЗФ	34 армия	245 сд
020	1942-04-01	ДА	СЗФ	34 армия	370 сд
020	1942-04-01	ДА	СЗФ	34 армия	86 сбр
020	1942-04-01	ДА	СЗФ	34 армия	52 олыжб
020	1942-04-01	ДА	СЗФ	34 армия	54 олыжб
020	1942-04-01	ДА	СЗФ	34 армия	78 олыжб
020	1942-04-01	ДА	СЗФ	34 армия	156 олыжб
020	1942-04-01	ДА	СЗФ	34 армия	221 олыжб
020	1942-04-01	ДА	СЗФ	34 армия	233 олыжб
020	1942-04-01	ДА	СЗФ	34 армия	244 олыжб
020	1942-04-01	ДА	СЗФ	34 армия	245 олыжб
020	1942-04-01	ДА	СЗФ	34 армия	258 олыжб
020	1942-04-01	ДА	СЗФ	34 армия	259 олыжб
020	1942-04-01	ДА	СЗФ	34 армия	23 сд
020	1942-04-01	ДА	СЗФ	34 армия	130 сд
020	1942-04-01	ДА	СЗФ	34 армия	154 олыжб
020	1942-04-01	ДА	СЗФ	34 армия	155 олыжб
020	1942-04-01	ДА	СЗФ	34 армия	229 олыжб
020	1942-04-01	ДА	СЗФ	34 армия	260 олыжб
020	1942-04-01	ДА	СЗФ	34 армия	261 олыжб
020	1942-04-01	ДА	СЗФ	34 армия	387 пап
020	1942-04-01	ДА	СЗФ	34 армия	515 гап б/м
020	1942-04-01	ДА	СЗФ	34 армия	698 ап ПТО
020	1942-04-01	ДА	СЗФ	34 армия	22 гв. мп
020	1942-04-01	ДА	СЗФ	34 армия	30 одн бронепоездов
020	1942-04-01	ДА	СЗФ	34 армия	402 иап
020	1942-04-01	ДА	СЗФ	34 армия	661 лбап
020	1942-04-01	ДА	СЗФ	34 армия	677 лбап
020	1942-04-01	ДА	СЗФ	34 армия	238 оиб
020	1942-04-01	ДА	СЗФ	34 армия	1257 осб
020	1942-04-01	ДА	СЗФ	34 армия	1330 осб
021	1942-04-01	ДА	СЗФ	1 гв. ск
021	1942-04-01	ДА	СЗФ	7 гв. сд
021	1942-04-01	ДА	СЗФ	15 сбр
021	1942-04-01	ДА	СЗФ	42 сбр
021	1942-04-01	ДА	СЗФ	52 сбр
021	1942-04-01	ДА	СЗФ	204 олыжб
021	1942-04-01	ДА	СЗФ	205 олыжб
021	1942-04-01	ДА	СЗФ	225 олыжб
021	1942-04-01	ДА	СЗФ	74 морские сбр
021	1942-04-01	ДА	СЗФ	154 морские сбр
021	1942-04-01	ДА	СЗФ	2 маневр. вдбр
021	1942-04-01	ДА	СЗФ	28 олыжб
021	1942-04-01	ДА	СЗФ	29 олыжб
021	1942-04-01	ДА	СЗФ	30 олыжб
021	1942-04-01	ДА	СЗФ	71 олыжб
021	1942-04-01	ДА	СЗФ	144 олыжб
021	1942-04-01	ДА	СЗФ	211 олыжб
021	1942-04-01	ДА	СЗФ	37 гв. кап
021	1942-04-01	ДА	СЗФ	429 гап
021	1942-04-01	ДА	СЗФ	573 ап ПТО
021	1942-04-01	ДА	СЗФ	589 ап ПТО
021	1942-04-01	ДА	СЗФ	719 ап ПТО
021	1942-04-01	ДА	СЗФ	16 огв. мдн
021	1942-04-01	ДА	СЗФ	239 озадн
021	1942-04-01	ДА	СЗФ	242 озадн
021	1942-04-01	ДА	СЗФ	246 озадн
021	1942-04-01	ДА	СЗФ	250 озадн
021	1942-04-01	ДА	СЗФ	2 оаэсб
021	1942-04-01	ДА	СЗФ	10 оаэсб
021	1942-04-01	ДА	СЗФ	11 оаэсб
021	1942-04-01	ДА	СЗФ	13 оаэсб
021	1942-04-01	ДА	СЗФ	14 оаэсб
021	1942-04-01	ДА	СЗФ	27 оаэсб
021	1942-04-01	ДА	СЗФ	34 оаэсб
021	1942-04-01	ДА	СЗФ	38 иап
021	1942-04-01	ДА	СЗФ	514 бап
021	1942-04-01	ДА	СЗФ	624 бап
021	1942-04-01	ДА	СЗФ	502 шап
021	1942-04-01	ДА	СЗФ	699 лбап
021	1942-04-01	ДА	СЗФ	302 лбаэ
021	1942-04-01	ДА	СЗФ	303 лбаэ
021	1942-04-01	ДА	СЗФ	304 лбаэ
021	1942-04-01	ДА	СЗФ	28 оиб
021	1942-04-01	ДА	СЗФ	50 оиб
021	1942-04-01	ДА	СЗФ	67 оиб
021	1942-04-01	ДА	СЗФ	134 оиб
021	1942-04-01	ДА	СЗФ	1391 оиб
021	1942-04-01	ДА	СЗФ	56 пмб
021	1942-04-01	ДА	СЗФ	58 пмб
021	1942-04-01	ДА	СЗФ	92 пмб
021	1942-04-01	ДА	СЗФ	1277 осб
021	1942-04-01	ДА	СЗФ	1732 осб
022	1942-04-01	ДА	КФ
022	1942-04-01	ДА	КФ	3 ударная армия
022	1942-04-01	ДА	КФ	3 ударная армия	24 сд
022	1942-04-01	ДА	КФ	3 ударная армия	33 сд
022	1942-04-01	ДА	КФ	3 ударная армия	117 сд
022	1942-04-01	ДА	КФ	3 ударная армия	257 сд
022	1942-04-01	ДА	КФ	3 ударная армия	391 сд
022	1942-04-01	ДА	КФ	3 ударная армия	397 сд
022	1942-04-01	ДА	КФ	3 ударная армия	45 сбр
022	1942-04-01	ДА	КФ	3 ударная армия	54 сбр
022	1942-04-01	ДА	КФ	3 ударная армия	65 олыжб
022	1942-04-01	ДА	КФ	3 ударная армия	79 олыжб
022	1942-04-01	ДА	КФ	3 ударная армия	80 олыжб
022	1942-04-01	ДА	КФ	3 ударная армия	157 олыжб
022	1942-04-01	ДА	КФ	3 ударная армия	159 олыжб
022	1942-04-01	ДА	КФ	3 ударная армия	226 олыжб
022	1942-04-01	ДА	КФ	3 ударная армия	227 олыжб
022	1942-04-01	ДА	КФ	3 ударная армия	228 олыжб
022	1942-04-01	ДА	КФ	3 ударная армия	246 олыжб
022	1942-04-01	ДА	КФ	3 ударная армия	247 олыжб
022	1942-04-01	ДА	КФ	3 ударная армия	613 ап
022	1942-04-01	ДА	КФ	3 ударная армия	603 минп
022	1942-04-01	ДА	КФ	3 ударная армия	107 огв. мдн
022	1942-04-01	ДА	КФ	3 ударная армия	205 огв. мдн
022	1942-04-01	ДА	КФ	3 ударная армия	146 отб
022	1942-04-01	ДА	КФ	3 ударная армия	170 отб
022	1942-04-01	ДА	КФ	3 ударная армия	163 иап
022	1942-04-01	ДА	КФ	3 ударная армия	195 иап
022	1942-04-01	ДА	КФ	3 ударная армия	728 иап
022	1942-04-01	ДА	КФ	3 ударная армия	299 осб
022	1942-04-01	ДА	КФ	3 ударная армия	469 осб
022	1942-04-01	ДА	КФ	3 ударная армия	690 осб
022	1942-04-01	ДА	КФ	3 ударная армия	1296 осб
022	1942-04-01	ДА	КФ	3 ударная армия	1334 осб
023	1942-04-01	ДА	КФ	4 ударная армия
023	1942-04-01	ДА	КФ	4 ударная армия	16 гв.
023	1942-04-01	ДА	КФ	4 ударная армия	135 сд
023	1942-04-01	ДА	КФ	4 ударная армия	145 сд
023	1942-04-01	ДА	КФ	4 ударная армия	234 сд
023	1942-04-01	ДА	КФ	4 ударная армия	332 сд
023	1942-04-01	ДА	КФ	4 ударная армия	334 сд
023	1942-04-01	ДА	КФ	4 ударная армия	358 сд
023	1942-04-01	ДА	КФ	4 ударная армия	360 сд
023	1942-04-01	ДА	КФ	4 ударная армия	39 сбр
023	1942-04-01	ДА	КФ	4 ударная армия	48 сбр
023	1942-04-01	ДА	КФ	4 ударная армия	51 сбр
023	1942-04-01	ДА	КФ	4 ударная армия	62 олыжб
023	1942-04-01	ДА	КФ	4 ударная армия	64 олыжб
023	1942-04-01	ДА	КФ	4 ударная армия	66 олыжб
023	1942-04-01	ДА	КФ	4 ударная армия	67 олыжб
023	1942-04-01	ДА	КФ	4 ударная армия	68 олыжб
023	1942-04-01	ДА	КФ	4 ударная армия	69 олыжб
023	1942-04-01	ДА	КФ	4 ударная армия	133 олыжб
023	1942-04-01	ДА	КФ	4 ударная армия	140 олыжб
023	1942-04-01	ДА	КФ	4 ударная армия	141 олыжб
023	1942-04-01	ДА	КФ	4 ударная армия	158 олыжб
023	1942-04-01	ДА	КФ	4 ударная армия	223 олыжб
023	1942-04-01	ДА	КФ	4 ударная армия	230 олыжб
023	1942-04-01	ДА	КФ	4 ударная армия	231 олыжб
023	1942-04-01	ДА	КФ	4 ударная армия	232 олыжб
023	1942-04-01	ДА	КФ	4 ударная армия	252 олыжб
023	1942-04-01	ДА	КФ	4 ударная армия	253 олыжб
023	1942-04-01	ДА	КФ	4 ударная армия	254 олыжб
023	1942-04-01	ДА	КФ	4 ударная армия	255 олыжб
023	1942-04-01	ДА	КФ	4 ударная армия	262 олыжб
023	1942-04-01	ДА	КФ	4 ударная армия	263 олыжб
023	1942-04-01	ДА	КФ	4 ударная армия	264 олыжб
023	1942-04-01	ДА	КФ	4 ударная армия	265 олыжб
023	1942-04-01	ДА	КФ	4 ударная армия	266 олыжб
023	1942-04-01	ДА	КФ	4 ударная армия	270 пап
023	1942-04-01	ДА	КФ	4 ударная армия	765 ап ПТО
023	1942-04-01	ДА	КФ	4 ударная армия	17 гв. мп
023	1942-04-01	ДА	КФ	4 ударная армия	204 огв. мдн
023	1942-04-01	ДА	КФ	4 ударная армия	78 тбр
023	1942-04-01	ДА	КФ	4 ударная армия	171 отб
023	1942-04-01	ДА	КФ	4 ударная армия	52 одн бронепоездов
023	1942-04-01	ДА	КФ	4 ударная армия	21 иап
023	1942-04-01	ДА	КФ	4 ударная армия	157 иап
023	1942-04-01	ДА	КФ	4 ударная армия	191 иап
023	1942-04-01	ДА	КФ	4 ударная армия	438 иап
023	1942-04-01	ДА	КФ	4 ударная армия	684 лбап
023	1942-04-01	ДА	КФ	4 ударная армия	695 лбап
023	1942-04-01	ДА	КФ	4 ударная армия	210 оиб
023	1942-04-01	ДА	КФ	4 ударная армия	491 оиб
023	1942-04-01	ДА	КФ	4 ударная армия	1333 оиб
023	1942-04-01	ДА	КФ	4 ударная армия	1308 осб
024	1942-04-01	ДА	КФ	22 армия
024	1942-04-01	ДА	КФ	22 армия	220 сд
024	1942-04-01	ДА	КФ	22 армия	653 сп
024	1942-04-01	ДА	КФ	22 армия	249 олыжб
024	1942-04-01	ДА	КФ	22 армия	10 гв. пап
024	1942-04-01	ДА	КФ	22 армия	440 гап
024	1942-04-01	ДА	КФ	22 армия	11 оминб
024	1942-04-01	ДА	КФ	22 армия	397 озадн
024	1942-04-01	ДА	КФ	22 армия	82 тбр
024	1942-04-01	ДА	КФ	22 армия	617 лбап
024	1942-04-01	ДА	КФ	22 армия	115 оиб
024	1942-04-01	ДА	КФ	22 армия	251 оиб
025	1942-04-01	ДА	КФ	29 армия
025	1942-04-01	ДА	КФ	29 армия	183 сд
025	1942-04-01	ДА	КФ	29 армия	243 сд
025	1942-04-01	ДА	КФ	29 армия	246 сд
025	1942-04-01	ДА	КФ	29 армия	369 сд
025	1942-04-01	ДА	КФ	29 армия	432 гап
025	1942-04-01	ДА	КФ	29 армия	510 гап
025	1942-04-01	ДА	КФ	29 армия	873 ап ПТО
025	1942-04-01	ДА	КФ	29 армия	492 озадн
025	1942-04-01	ДА	КФ	29 армия	493 озадн
025	1942-04-01	ДА	КФ	29 армия	33 отб
025	1942-04-01	ДА	КФ	29 армия	71 оиб
025	1942-04-01	ДА	КФ	29 армия	267 оиб
026	1942-04-01	ДА	КФ	30 армия
026	1942-04-01	ДА	КФ	30 армия	20 гв.
026	1942-04-01	ДА	КФ	30 армия	22 гв.
026	1942-04-01	ДА	КФ	30 армия	220 сд
026	1942-04-01	ДА	КФ	30 армия	250 сд
026	1942-04-01	ДА	КФ	30 армия	348 сд
026	1942-04-01	ДА	КФ	30 армия	359 сд
026	1942-04-01	ДА	КФ	30 армия	371 сд
026	1942-04-01	ДА	КФ	30 армия	375 сд
026	1942-04-01	ДА	КФ	30 армия	379 сд
026	1942-04-01	ДА	КФ	30 армия	60 олыжб
026	1942-04-01	ДА	КФ	30 армия	75 олыжб
026	1942-04-01	ДА	КФ	30 армия	76 олыжб
026	1942-04-01	ДА	КФ	30 армия	139 олыжб
026	1942-04-01	ДА	КФ	30 армия	145 олыжб
026	1942-04-01	ДА	КФ	30 армия	146 олыжб
026	1942-04-01	ДА	КФ	30 армия	148 олыжб
026	1942-04-01	ДА	КФ	30 армия	149 олыжб
026	1942-04-01	ДА	КФ	30 армия	150 олыжб
026	1942-04-01	ДА	КФ	30 армия	151 олыжб
026	1942-04-01	ДА	КФ	30 армия	152 олыжб
026	1942-04-01	ДА	КФ	30 армия	153 олыжб
026	1942-04-01	ДА	КФ	30 армия	222 олыжб
026	1942-04-01	ДА	КФ	30 армия	392 пап
026	1942-04-01	ДА	КФ	30 армия	542 пап
026	1942-04-01	ДА	КФ	30 армия	545 пап
026	1942-04-01	ДА	КФ	30 армия	40 гв. мп
026	1942-04-01	ДА	КФ	30 армия	12 оминб
026	1942-04-01	ДА	КФ	30 армия	500 озадн
026	1942-04-01	ДА	КФ	30 армия	28 тбр
026	1942-04-01	ДА	КФ	30 армия	143 тбр
026	1942-04-01	ДА	КФ	30 армия	5 гв. иап
026	1942-04-01	ДА	КФ	30 армия	666 лбап
026	1942-04-01	ДА	КФ	30 армия	133 оиб
026	1942-04-01	ДА	КФ	30 армия	263 оиб
027	1942-04-01	ДА	КФ	31 армия
027	1942-04-01	ДА	КФ	31 армия	5 сд
027	1942-04-01	ДА	КФ	31 армия	247 сд
027	1942-04-01	ДА	КФ	31 армия	251 сд
027	1942-04-01	ДА	КФ	31 армия	56 ап
027	1942-04-01	ДА	КФ	31 армия	108 ап
027	1942-04-01	ДА	КФ	31 армия	193 иап
027	1942-04-01	ДА	КФ	31 армия	72 оиб
028	1942-04-01	ДА	КФ	39 армия
028	1942-04-01	ДА	КФ	39 армия	360 гап
028	1942-04-01	ДА	КФ	39 армия	1 д
028	1942-04-01	ДА	КФ	39 армия	103 огв. мдн
028	1942-04-01	ДА	КФ	39 армия	202 огв. мдн
028	1942-04-01	ДА	КФ	39 армия	148 отб
028	1942-04-01	ДА	КФ	39 армия	312 отб
028	1942-04-01	ДА	КФ	39 армия	521 иап
028	1942-04-01	ДА	КФ	39 армия	39 оиб
028	1942-04-01	ДА	КФ	39 армия	69 оиб
029	1942-04-01	ДА	КФ	2 гв. ск
029	1942-04-01	ДА	КФ	8 гв. сд
029	1942-04-01	ДА	КФ	4 гв.
029	1942-04-01	ДА	КФ	37 сбр
029	1942-04-01	ДА	КФ	11 кк 
029	1942-04-01	ДА	КФ	18 кд
029	1942-04-01	ДА	КФ	24 кд
029	1942-04-01	ДА	КФ	82 кд
029	1942-04-01	ДА	КФ	158 сд
029	1942-04-01	ДА	КФ	117 сбр
029	1942-04-01	ДА	КФ	130 сбр
029	1942-04-01	ДА	КФ	131 сбр
029	1942-04-01	ДА	КФ	132 сбр
029	1942-04-01	ДА	КФ	213 олыжб
029	1942-04-01	ДА	КФ	214 олыжб
029	1942-04-01	ДА	КФ	879 кап
029	1942-04-01	ДА	КФ	163 минп
029	1942-04-01	ДА	КФ	43 огв. мдн
029	1942-04-01	ДА	КФ	47 огв. мдн
029	1942-04-01	ДА	КФ	64 озадн
029	1942-04-01	ДА	КФ	221 озадн
029	1942-04-01	ДА	КФ	245 озадн
029	1942-04-01	ДА	КФ	490 озадн
029	1942-04-01	ДА	КФ	491 озадн
029	1942-04-01	ДА	КФ	3 гв.
029	1942-04-01	ДА	КФ	71 тбр
029	1942-04-01	ДА	КФ	81 тбр
029	1942-04-01	ДА	КФ	19 оаэсб
029	1942-04-01	ДА	КФ	20 оаэсб
029	1942-04-01	ДА	КФ	21 оаэсб
029	1942-04-01	ДА	КФ	31 оаэсб
029	1942-04-01	ДА	КФ	1 гв. иап
029	1942-04-01	ДА	КФ	128 бап
029	1942-04-01	ДА	КФ	708 лбап
029	1942-04-01	ДА	КФ	17 оиб
029	1942-04-01	ДА	КФ	20 оиб
029	1942-04-01	ДА	КФ	22 оиб
029	1942-04-01	ДА	КФ	110 оиб
029	1942-04-01	ДА	КФ	114 оиб
029	1942-04-01	ДА	КФ	903 оиб
029	1942-04-01	ДА	КФ	60 пмб
029	1942-04-01	ДА	КФ	63 пмб
030	1942-04-01	ДА	ЗФ
030	1942-04-01	ДА	ЗФ	5 армия
030	1942-04-01	ДА	ЗФ	5 армия	3 гв. мсд
030	1942-04-01	ДА	ЗФ	5 армия	32 сд
030	1942-04-01	ДА	ЗФ	5 армия	50 сд
030	1942-04-01	ДА	ЗФ	5 армия	108 сд
030	1942-04-01	ДА	ЗФ	5 армия	144 сд
030	1942-04-01	ДА	ЗФ	5 армия	331 сд
030	1942-04-01	ДА	ЗФ	5 армия	352 сд
030	1942-04-01	ДА	ЗФ	5 армия	354 сд
030	1942-04-01	ДА	ЗФ	5 армия	17 сбр
030	1942-04-01	ДА	ЗФ	5 армия	36 сбр
030	1942-04-01	ДА	ЗФ	5 армия	43 сбр
030	1942-04-01	ДА	ЗФ	5 армия	55 сбр
030	1942-04-01	ДА	ЗФ	5 армия	60 сбр
030	1942-04-01	ДА	ЗФ	5 армия	2 гв.
030	1942-04-01	ДА	ЗФ	5 армия	528 пап
030	1942-04-01	ДА	ЗФ	5 армия	552 пап
030	1942-04-01	ДА	ЗФ	5 армия	554 пап
030	1942-04-01	ДА	ЗФ	5 армия	572 пап
030	1942-04-01	ДА	ЗФ	5 армия	544 гап б/м
030	1942-04-01	ДА	ЗФ	5 армия	703 ап ПТО
030	1942-04-01	ДА	ЗФ	5 армия	28 огв. мдн
030	1942-04-01	ДА	ЗФ	5 армия	41 огв. мдн
030	1942-04-01	ДА	ЗФ	5 армия	20 тбр
030	1942-04-01	ДА	ЗФ	5 армия	62 шап
030	1942-04-01	ДА	ЗФ	5 армия	692 лбап
030	1942-04-01	ДА	ЗФ	5 армия	2 оиб
030	1942-04-01	ДА	ЗФ	5 армия	467 оиб
030	1942-04-01	ДА	ЗФ	5 армия	499 оиб
031	1942-04-01	ДА	ЗФ	10 армия
031	1942-04-01	ДА	ЗФ	10 армия	326 сд
031	1942-04-01	ДА	ЗФ	10 армия	330 сд
031	1942-04-01	ДА	ЗФ	10 армия	761 ап
031	1942-04-01	ДА	ЗФ	10 армия	1 одн бронепоездов
031	1942-04-01	ДА	ЗФ	10 армия	29 оаэсб
031	1942-04-01	ДА	ЗФ	10 армия	50 оаэсб
031	1942-04-01	ДА	ЗФ	10 армия	51 оаэсб
031	1942-04-01	ДА	ЗФ	10 армия	681 лбап
031	1942-04-01	ДА	ЗФ	10 армия	694 оиб
031	1942-04-01	ДА	ЗФ	10 армия	695 оиб
032	1942-04-01	ДА	ЗФ	16 армия
032	1942-04-01	ДА	ЗФ	16 армия	5 гв. ск
032	1942-04-01	ДА	ЗФ	16 армия	11 гв. сд
032	1942-04-01	ДА	ЗФ	16 армия	30 сбр
032	1942-04-01	ДА	ЗФ	16 армия	115 сбр
032	1942-04-01	ДА	ЗФ	16 армия	123 сбр
032	1942-04-01	ДА	ЗФ	16 армия	97 сд
032	1942-04-01	ДА	ЗФ	16 армия	322 сд
032	1942-04-01	ДА	ЗФ	16 армия	323 сд
032	1942-04-01	ДА	ЗФ	16 армия	324 сд
032	1942-04-01	ДА	ЗФ	16 армия	328 сд
032	1942-04-01	ДА	ЗФ	16 армия	41 гв. кап
032	1942-04-01	ДА	ЗФ	16 армия	523 пап
032	1942-04-01	ДА	ЗФ	16 армия	5 огв. мдн
032	1942-04-01	ДА	ЗФ	16 армия	31 огв. мдн
032	1942-04-01	ДА	ЗФ	16 армия	240 огв. мдн
032	1942-04-01	ДА	ЗФ	16 армия	94 тбр
032	1942-04-01	ДА	ЗФ	16 армия	146 тбр
032	1942-04-01	ДА	ЗФ	16 армия	168 иап
032	1942-04-01	ДА	ЗФ	16 армия	735 лбап
032	1942-04-01	ДА	ЗФ	16 армия	145 оиб
032	1942-04-01	ДА	ЗФ	16 армия	243 оиб
032	1942-04-01	ДА	ЗФ	16 армия	451 оиб
033	1942-04-01	ДА	ЗФ	20 армия
033	1942-04-01	ДА	ЗФ	20 армия	28 сбр
033	1942-04-01	ДА	ЗФ	20 армия	35 сбр
033	1942-04-01	ДА	ЗФ	20 армия	40 сбр
033	1942-04-01	ДА	ЗФ	20 армия	49 сбр
033	1942-04-01	ДА	ЗФ	20 армия	108 олыжб
033	1942-04-01	ДА	ЗФ	20 армия	109 олыжб
033	1942-04-01	ДА	ЗФ	20 армия	110 олыжб
033	1942-04-01	ДА	ЗФ	20 армия	112 олыжб
033	1942-04-01	ДА	ЗФ	20 армия	113 олыжб
033	1942-04-01	ДА	ЗФ	20 армия	1 гв. ап ПТО
033	1942-04-01	ДА	ЗФ	20 армия	86 озадн
033	1942-04-01	ДА	ЗФ	20 армия	230 озадн
033	1942-04-01	ДА	ЗФ	20 армия	17 тбр
033	1942-04-01	ДА	ЗФ	20 армия	312 шап
033	1942-04-01	ДА	ЗФ	20 армия	601 лбап
033	1942-04-01	ДА	ЗФ	20 армия	127 оиб
033	1942-04-01	ДА	ЗФ	20 армия	214 оиб
033	1942-04-01	ДА	ЗФ	20 армия	291 оиб
034	1942-04-01	ДА	ЗФ	33 армия
034	1942-04-01	ДА	ЗФ	33 армия	110 сд
034	1942-04-01	ДА	ЗФ	33 армия	113 сд
034	1942-04-01	ДА	ЗФ	33 армия	1603 сд
034	1942-04-01	ДА	ЗФ	33 армия	222 сд
034	1942-04-01	ДА	ЗФ	33 армия	338 сд
034	1942-04-01	ДА	ЗФ	33 армия	24 олыжб
034	1942-04-01	ДА	ЗФ	33 армия	109 гап
034	1942-04-01	ДА	ЗФ	33 армия	403 ап
034	1942-04-01	ДА	ЗФ	33 армия	551 ап ПТО
034	1942-04-01	ДА	ЗФ	33 армия	600 ап ПТО
034	1942-04-01	ДА	ЗФ	33 армия	6 одн бронепоездов
034	1942-04-01	ДА	ЗФ	33 армия	172 иап
034	1942-04-01	ДА	ЗФ	33 армия	687 лбап
034	1942-04-01	ДА	ЗФ	33 армия	136 оиб
034	1942-04-01	ДА	ЗФ	33 армия	246 оиб
034	1942-04-01	ДА	ЗФ	33 армия	321 оиб
035	1942-04-01	ДА	ЗФ	43 армия
035	1942-04-01	ДА	ЗФ	43 армия	1 гв. мсд
035	1942-04-01	ДА	ЗФ	43 армия	9 гв.
035	1942-04-01	ДА	ЗФ	43 армия	53 сд
035	1942-04-01	ДА	ЗФ	43 армия	93 сд
035	1942-04-01	ДА	ЗФ	43 армия	415 сд
035	1942-04-01	ДА	ЗФ	43 армия	129 олыжб
035	1942-04-01	ДА	ЗФ	43 армия	188 олыжб
035	1942-04-01	ДА	ЗФ	43 армия	128 гап
035	1942-04-01	ДА	ЗФ	43 армия	210 гап
035	1942-04-01	ДА	ЗФ	43 армия	570 пап
035	1942-04-01	ДА	ЗФ	43 армия	868 ап ПТО
035	1942-04-01	ДА	ЗФ	43 армия	869 ап ПТО
035	1942-04-01	ДА	ЗФ	43 армия	2 огв. мдн
035	1942-04-01	ДА	ЗФ	43 армия	3 огв. мдн
035	1942-04-01	ДА	ЗФ	43 армия	19 огв. мдн
035	1942-04-01	ДА	ЗФ	43 армия	64 озадн
035	1942-04-01	ДА	ЗФ	43 армия	71 озадн
035	1942-04-01	ДА	ЗФ	43 армия	164 озадн
035	1942-04-01	ДА	ЗФ	43 армия	6 гв.
035	1942-04-01	ДА	ЗФ	43 армия	627 иап
035	1942-04-01	ДА	ЗФ	43 армия	680 лбап
035	1942-04-01	ДА	ЗФ	43 армия	211 оиб
035	1942-04-01	ДА	ЗФ	43 армия	273 оиб
035	1942-04-01	ДА	ЗФ	43 армия	312 оиб
036	1942-04-01	ДА	ЗФ	49 армия
036	1942-04-01	ДА	ЗФ	49 армия	60 огв. Мп
036	1942-04-01	ДА	ЗФ	49 армия	35 гв. д
036	1942-04-01	ДА	ЗФ	49 армия	438 отб
036	1942-04-01	ДА	ЗФ	49 армия	188 иап
036	1942-04-01	ДА	ЗФ	49 армия	103 оиб
036	1942-04-01	ДА	ЗФ	49 армия	352 оиб
036	1942-04-01	ДА	ЗФ	49 армия	452 оиб
036	1942-04-01	ДА	ЗФ	49 армия	518 оиб
037	1942-04-01	ДА	ЗФ	50 армия
037	1942-04-01	ДА	ЗФ	50 армия	59 гв. мп
037	1942-04-01	ДА	ЗФ	50 армия	8 гв. д
037	1942-04-01	ДА	ЗФ	50 армия	112 озадн
037	1942-04-01	ДА	ЗФ	50 армия	152 озадн
037	1942-04-01	ДА	ЗФ	50 армия	168 озадн
037	1942-04-01	ДА	ЗФ	50 армия	304 озадн
037	1942-04-01	ДА	ЗФ	50 армия	11 тбр
037	1942-04-01	ДА	ЗФ	50 армия	32 тбр
037	1942-04-01	ДА	ЗФ	50 армия	108 тбр
037	1942-04-01	ДА	ЗФ	50 армия	112 тбр
037	1942-04-01	ДА	ЗФ	50 армия	30 оаэсб
037	1942-04-01	ДА	ЗФ	50 армия	20 иап
037	1942-04-01	ДА	ЗФ	50 армия	5 оиб
037	1942-04-01	ДА	ЗФ	50 армия	70 оиб
037	1942-04-01	ДА	ЗФ	50 армия	466 оиб
038	1942-04-01	ДА	ЗФ	61 армия
038	1942-04-01	ДА	ЗФ	61 армия	37 гв. мп
038	1942-04-01	ДА	ЗФ	61 армия	201 гв. д
038	1942-04-01	ДА	ЗФ	61 армия	40 огв. мдн
038	1942-04-01	ДА	ЗФ	61 армия	68 тбр
038	1942-04-01	ДА	ЗФ	61 армия	772 иап
038	1942-04-01	ДА	ЗФ	61 армия	734 лбап
038	1942-04-01	ДА	ЗФ	61 армия	535 оиб
038	1942-04-01	ДА	ЗФ	61 армия	536 оиб
038	1942-04-01	ДА	ЗФ	61 армия	611 осб
039	1942-04-01	ДА	ЗФ	1 гв. кк
039	1942-04-01	ДА	ЗФ	1 гв. кд
039	1942-04-01	ДА	ЗФ	2 гв. кд
039	1942-04-01	ДА	ЗФ	7 гв. кд
039	1942-04-01	ДА	ЗФ	9 кк 
039	1942-04-01	ДА	ЗФ	4 кд
039	1942-04-01	ДА	ЗФ	17 кд
039	1942-04-01	ДА	ЗФ	44 кд
039	1942-04-01	ДА	ЗФ	4 вдк 
039	1942-04-01	ДА	ЗФ	8 вдбр
039	1942-04-01	ДА	ЗФ	9 вдбр
039	1942-04-01	ДА	ЗФ	214 вдбр
039	1942-04-01	ДА	ЗФ	38 олыжб
039	1942-04-01	ДА	ЗФ	122 олыжб
039	1942-04-01	ДА	ЗФ	123 олыжб
039	1942-04-01	ДА	ЗФ	124 олыжб
039	1942-04-01	ДА	ЗФ	126 олыжб
039	1942-04-01	ДА	ЗФ	127 олыжб
039	1942-04-01	ДА	ЗФ	128 олыжб
039	1942-04-01	ДА	ЗФ	39 ап
039	1942-04-01	ДА	ЗФ	995 ап
039	1942-04-01	ДА	ЗФ	2 гв.
039	1942-04-01	ДА	ЗФ	3 гв.
039	1942-04-01	ДА	ЗФ	992 ап ПТО
039	1942-04-01	ДА	ЗФ	37 гв. мп
039	1942-04-01	ДА	ЗФ	59 гв. мп
039	1942-04-01	ДА	ЗФ	22 огв. мдн
039	1942-04-01	ДА	ЗФ	37 огв. мдн
039	1942-04-01	ДА	ЗФ	324 озадн
039	1942-04-01	ДА	ЗФ	525 озадн
039	1942-04-01	ДА	ЗФ	145 тбр
039	1942-04-01	ДА	ЗФ	1 бап
039	1942-04-01	ДА	ЗФ	122 иап
039	1942-04-01	ДА	ЗФ	179 иап
039	1942-04-01	ДА	ЗФ	713 лбап
039	1942-04-01	ДА	ЗФ	54 бап
039	1942-04-01	ДА	ЗФ	130 бап
039	1942-04-01	ДА	ЗФ	511 бап
039	1942-04-01	ДА	ЗФ	603 бап
039	1942-04-01	ДА	ЗФ	611 шап
039	1942-04-01	ДА	ЗФ	685 шап
039	1942-04-01	ДА	ЗФ	686 шап
039	1942-04-01	ДА	ЗФ	765 шап
039	1942-04-01	ДА	ЗФ	1 саперная армия 
039	1942-04-01	ДА	ЗФ	31 сбр
039	1942-04-01	ДА	ЗФ	32 сбр
039	1942-04-01	ДА	ЗФ	34 сбр
039	1942-04-01	ДА	ЗФ	36 сбр
039	1942-04-01	ДА	ЗФ	37 сбр
039	1942-04-01	ДА	ЗФ	38 сбр
039	1942-04-01	ДА	ЗФ	39 сбр
039	1942-04-01	ДА	ЗФ	40 сбр
039	1942-04-01	ДА	ЗФ	6 оиб
039	1942-04-01	ДА	ЗФ	42 оиб
039	1942-04-01	ДА	ЗФ	84 оиб
039	1942-04-01	ДА	ЗФ	111 оиб
039	1942-04-01	ДА	ЗФ	113 оиб
039	1942-04-01	ДА	ЗФ	122 оиб
039	1942-04-01	ДА	ЗФ	129 оиб
039	1942-04-01	ДА	ЗФ	226 оиб
039	1942-04-01	ДА	ЗФ	290 оиб
039	1942-04-01	ДА	ЗФ	303 оиб
039	1942-04-01	ДА	ЗФ	304 оиб
039	1942-04-01	ДА	ЗФ	51 пмб
039	1942-04-01	ДА	ЗФ	61 пмб
039	1942-04-01	ДА	ЗФ	62 пмб
039	1942-04-01	ДА	ЗФ	64 пмб
039	1942-04-01	ДА	ЗФ	87 пмб
039	1942-04-01	ДА	ЗФ	88 пмб
039	1942-04-01	ДА	ЗФ	89 пмб
039	1942-04-01	ДА	ЗФ	90 пмб
039	1942-04-01	ДА	ЗФ	91 пмб
039	1942-04-01	ДА	ЗФ	99 пмб
039	1942-04-01	ДА	ЗФ	100 пмб
039	1942-04-01	ДА	ЗФ	101 пмб
039	1942-04-01	ДА	ЗФ	102 пмб
040	1942-04-01	ДА	БрФ
040	1942-04-01	ДА	БрФ	3 армия
040	1942-04-01	ДА	БрФ	3 армия	60 сд
040	1942-04-01	ДА	БрФ	3 армия	137 сд
040	1942-04-01	ДА	БрФ	3 армия	240 сд
040	1942-04-01	ДА	БрФ	3 армия	269 сд
040	1942-04-01	ДА	БрФ	3 армия	283 сд
040	1942-04-01	ДА	БрФ	3 армия	287 сд
040	1942-04-01	ДА	БрФ	3 армия	180 олыжб
040	1942-04-01	ДА	БрФ	3 армия	181 олыжб
040	1942-04-01	ДА	БрФ	3 армия	182 олыжб
040	1942-04-01	ДА	БрФ	3 армия	183 олыжб
040	1942-04-01	ДА	БрФ	3 армия	186 олыжб
040	1942-04-01	ДА	БрФ	3 армия	236 олыжб
040	1942-04-01	ДА	БрФ	3 армия	238 олыжб
040	1942-04-01	ДА	БрФ	3 армия	420 ап
040	1942-04-01	ДА	БрФ	3 армия	455 ап
040	1942-04-01	ДА	БрФ	3 армия	6 гв. мп
040	1942-04-01	ДА	БрФ	3 армия	150 тбр
040	1942-04-01	ДА	БрФ	3 армия	55 одн бронепоездов
040	1942-04-01	ДА	БрФ	3 армия	184 иап
040	1942-04-01	ДА	БрФ	3 армия	646 лбап
040	1942-04-01	ДА	БрФ	3 армия	711 лбап
040	1942-04-01	ДА	БрФ	3 армия	30 осб
040	1942-04-01	ДА	БрФ	3 армия	31 осб
040	1942-04-01	ДА	БрФ	3 армия	512 осб
041	1942-04-01	ДА	БрФ	13 армия
041	1942-04-01	ДА	БрФ	13 армия	132 сд
041	1942-04-01	ДА	БрФ	13 армия	143 сд
041	1942-04-01	ДА	БрФ	13 армия	148 сд
041	1942-04-01	ДА	БрФ	13 армия	212 сд
041	1942-04-01	ДА	БрФ	13 армия	307 сд
041	1942-04-01	ДА	БрФ	13 армия	37 олыжб
041	1942-04-01	ДА	БрФ	13 армия	57 олыжб
041	1942-04-01	ДА	БрФ	13 армия	58 олыжб
041	1942-04-01	ДА	БрФ	13 армия	179 олыжб
041	1942-04-01	ДА	БрФ	13 армия	462 ап
041	1942-04-01	ДА	БрФ	13 армия	130 ап ПТО
041	1942-04-01	ДА	БрФ	13 армия	129 тбр
041	1942-04-01	ДА	БрФ	13 армия	165 иап
041	1942-04-01	ДА	БрФ	13 армия	636 лбап
041	1942-04-01	ДА	БрФ	13 армия	27 оиб
041	1942-04-01	ДА	БрФ	13 армия	275 оиб
041	1942-04-01	ДА	БрФ	13 армия	1382 оиб
041	1942-04-01	ДА	БрФ	13 армия	131 осб
041	1942-04-01	ДА	БрФ	13 армия	533 осб
042	1942-04-01	ДА	БрФ	7 кк
042	1942-04-01	ДА	БрФ	11 кд
042	1942-04-01	ДА	БрФ	83 кд
042	1942-04-01	ДА	БрФ	8 кк 
042	1942-04-01	ДА	БрФ	21 кд
042	1942-04-01	ДА	БрФ	55 кд
042	1942-04-01	ДА	БрФ	124 гап
042	1942-04-01	ДА	БрФ	376 гап
042	1942-04-01	ДА	БрФ	160 минп
042	1942-04-01	ДА	БрФ	161 минп
042	1942-04-01	ДА	БрФ	46 озадн
042	1942-04-01	ДА	БрФ	111 озадн
042	1942-04-01	ДА	БрФ	386 озадн
042	1942-04-01	ДА	БрФ	79 тбр
042	1942-04-01	ДА	БрФ	80 тбр
042	1942-04-01	ДА	БрФ	47 оаэсб
042	1942-04-01	ДА	БрФ	24 бап
042	1942-04-01	ДА	БрФ	13 особая авиагруппа ГВФ
042	1942-04-01	ДА	БрФ	6 саперная армия 
042	1942-04-01	ДА	БрФ	17 сбр
042	1942-04-01	ДА	БрФ	18 сбр
042	1942-04-01	ДА	БрФ	19 сбр
042	1942-04-01	ДА	БрФ	50 пмб
042	1942-04-01	ДА	БрФ	53 пмб
042	1942-04-01	ДА	БрФ	1375 оиб
043	1942-04-01	ДА	ЮЗФ
043	1942-04-01	ДА	ЮЗФ	6 армия
043	1942-04-01	ДА	ЮЗФ	6 армия	47 сд
043	1942-04-01	ДА	ЮЗФ	6 армия	253 сд
043	1942-04-01	ДА	ЮЗФ	6 армия	270 сд
043	1942-04-01	ДА	ЮЗФ	6 армия	337 сд
043	1942-04-01	ДА	ЮЗФ	6 армия	343 сд
043	1942-04-01	ДА	ЮЗФ	6 армия	393 сд
043	1942-04-01	ДА	ЮЗФ	6 армия	411 сд
043	1942-04-01	ДА	ЮЗФ	6 армия	100 олыжб
043	1942-04-01	ДА	ЮЗФ	6 армия	3 гв. пап
043	1942-04-01	ДА	ЮЗФ	6 армия	671 гап
043	1942-04-01	ДА	ЮЗФ	6 армия	591 ап ПТО
043	1942-04-01	ДА	ЮЗФ	6 армия	206 огв. мдн
043	1942-04-01	ДА	ЮЗФ	6 армия	27 озадн
043	1942-04-01	ДА	ЮЗФ	6 армия	29 озадн
043	1942-04-01	ДА	ЮЗФ	6 армия	5 гв.
043	1942-04-01	ДА	ЮЗФ	6 армия	133 тбр
043	1942-04-01	ДА	ЮЗФ	6 армия	23 иап
043	1942-04-01	ДА	ЮЗФ	6 армия	92 иап
043	1942-04-01	ДА	ЮЗФ	6 армия	181 иап
043	1942-04-01	ДА	ЮЗФ	6 армия	623 лбап
043	1942-04-01	ДА	ЮЗФ	6 армия	633 лбап
043	1942-04-01	ДА	ЮЗФ	6 армия	1 оиб
043	1942-04-01	ДА	ЮЗФ	6 армия	2 оиб
043	1942-04-01	ДА	ЮЗФ	6 армия	520 оиб
043	1942-04-01	ДА	ЮЗФ	6 армия	523 оиб
044	1942-04-01	ДА	ЮЗФ	21 армия
044	1942-04-01	ДА	ЮЗФ	21 армия	76 сд
044	1942-04-01	ДА	ЮЗФ	21 армия	293 сд
044	1942-04-01	ДА	ЮЗФ	21 армия	297 сд
044	1942-04-01	ДА	ЮЗФ	21 армия	99 олыжб
044	1942-04-01	ДА	ЮЗФ	21 армия	156 ап
044	1942-04-01	ДА	ЮЗФ	21 армия	21 озадн
044	1942-04-01	ДА	ЮЗФ	21 армия	158 озадн
044	1942-04-01	ДА	ЮЗФ	21 армия	21 мсбр
044	1942-04-01	ДА	ЮЗФ	21 армия	43 иап
044	1942-04-01	ДА	ЮЗФ	21 армия	91 иап
044	1942-04-01	ДА	ЮЗФ	21 армия	596 лбап
044	1942-04-01	ДА	ЮЗФ	21 армия	1 оиб
044	1942-04-01	ДА	ЮЗФ	21 армия	2 оиб
044	1942-04-01	ДА	ЮЗФ	21 армия	540 оиб
045	1942-04-01	ДА	ЮЗФ	38 армия
045	1942-04-01	ДА	ЮЗФ	38 армия	3 гв. кк
045	1942-04-01	ДА	ЮЗФ	38 армия	5 гв.
045	1942-04-01	ДА	ЮЗФ	38 армия	6 гв.
045	1942-04-01	ДА	ЮЗФ	38 армия	205 ап
045	1942-04-01	ДА	ЮЗФ	38 армия	594 пап
045	1942-04-01	ДА	ЮЗФ	38 армия	738 ап ПТО
045	1942-04-01	ДА	ЮЗФ	38 армия	764 ап ПТО
045	1942-04-01	ДА	ЮЗФ	38 армия	4 гв. мп
045	1942-04-01	ДА	ЮЗФ	38 армия	3 гв. д
045	1942-04-01	ДА	ЮЗФ	38 армия	47 озадн
045	1942-04-01	ДА	ЮЗФ	38 армия	75 озадн
045	1942-04-01	ДА	ЮЗФ	38 армия	126 озадн
045	1942-04-01	ДА	ЮЗФ	38 армия	505 озадн
045	1942-04-01	ДА	ЮЗФ	38 армия	34 мсбр
045	1942-04-01	ДА	ЮЗФ	38 армия	59 одн бронепоездов
045	1942-04-01	ДА	ЮЗФ	38 армия	164 иап
045	1942-04-01	ДА	ЮЗФ	38 армия	282 иап
045	1942-04-01	ДА	ЮЗФ	38 армия	296 иап
045	1942-04-01	ДА	ЮЗФ	38 армия	598 лбап
045	1942-04-01	ДА	ЮЗФ	38 армия	719 лбап
045	1942-04-01	ДА	ЮЗФ	38 армия	48 
045	1942-04-01	ДА	ЮЗФ	38 армия	56 
045	1942-04-01	ДА	ЮЗФ	38 армия	516 
045	1942-04-01	ДА	ЮЗФ	38 армия	534 оиб
045	1942-04-01	ДА	ЮЗФ	38 армия	1361 оиб
046	1942-04-01	ДА	ЮЗФ	40 армия
046	1942-04-01	ДА	ЮЗФ	40 армия	6 сд
046	1942-04-01	ДА	ЮЗФ	40 армия	45 сд
046	1942-04-01	ДА	ЮЗФ	40 армия	62 сд
046	1942-04-01	ДА	ЮЗФ	40 армия	121 сд
046	1942-04-01	ДА	ЮЗФ	40 армия	1604 сд
046	1942-04-01	ДА	ЮЗФ	40 армия	104 олыжб
046	1942-04-01	ДА	ЮЗФ	40 армия	105 олыжб
046	1942-04-01	ДА	ЮЗФ	40 армия	233 ап
046	1942-04-01	ДА	ЮЗФ	40 армия	4 гв.
046	1942-04-01	ДА	ЮЗФ	40 армия	205 озадн
046	1942-04-01	ДА	ЮЗФ	40 армия	215 озадн
046	1942-04-01	ДА	ЮЗФ	40 армия	332 озадн
046	1942-04-01	ДА	ЮЗФ	40 армия	576 озадн
046	1942-04-01	ДА	ЮЗФ	40 армия	14 тбр
046	1942-04-01	ДА	ЮЗФ	40 армия	17 иап
046	1942-04-01	ДА	ЮЗФ	40 армия	682 лбап
046	1942-04-01	ДА	ЮЗФ	40 армия	1 оиб
046	1942-04-01	ДА	ЮЗФ	40 армия	2 оиб
046	1942-04-01	ДА	ЮЗФ	40 армия	3 оиб
046	1942-04-01	ДА	ЮЗФ	40 армия	14 оиб
046	1942-04-01	ДА	ЮЗФ	40 армия	1360 оиб
047	1942-04-01	ДА	ЮЗФ	4 рез. авиагруппа
047	1942-04-01	ДА	ЮЗФ	99 бап
047	1942-04-01	ДА	ЮЗФ	273 иап
047	1942-04-01	ДА	ЮЗФ	6 иап
047	1942-04-01	ДА	ЮЗФ	186 иап
047	1942-04-01	ДА	ЮЗФ	2 иап
047	1942-04-01	ДА	ЮЗФ	512 иап
047	1942-04-01	ДА	ЮЗФ	285 шап
047	1942-04-01	ДА	ЮЗФ	7 саперная армия 
047	1942-04-01	ДА	ЮЗФ	12 сбр
047	1942-04-01	ДА	ЮЗФ	14 сбр
047	1942-04-01	ДА	ЮЗФ	15 сбр
047	1942-04-01	ДА	ЮЗФ	20 сбр
047	1942-04-01	ДА	ЮЗФ	21 сбр
047	1942-04-01	ДА	ЮЗФ	120 оиб
047	1942-04-01	ДА	ЮЗФ	532 оиб
047	1942-04-01	ДА	ЮЗФ	377 оминсб
047	1942-04-01	ДА	ЮЗФ	531 оминсб
047	1942-04-01	ДА	ЮЗФ	1504 оминсб
047	1942-04-01	ДА	ЮЗФ	19 пмб
047	1942-04-01	ДА	ЮЗФ	20 пмб
047	1942-04-01	ДА	ЮЗФ	26 пмб
047	1942-04-01	ДА	ЮЗФ	28 пмб
047	1942-04-01	ДА	ЮЗФ	37 пмб
047	1942-04-01	ДА	ЮЗФ	103 пмб
047	1942-04-01	ДА	ЮЗФ	104 пмб
047	1942-04-01	ДА	ЮЗФ	105 пмб
047	1942-04-01	ДА	ЮЗФ	106 пмб
047	1942-04-01	ДА	ЮЗФ	107 пмб
047	1942-04-01	ДА	ЮЗФ	108 пмб
047	1942-04-01	ДА	ЮЗФ	160 пмб
048	1942-04-01	ДА	ЮФ
048	1942-04-01	ДА	ЮФ	9 армия
048	1942-04-01	ДА	ЮФ	9 армия	8 гв. мп
048	1942-04-01	ДА	ЮФ	9 армия	1 гв. д
048	1942-04-01	ДА	ЮФ	9 армия	48 огв. мдн
048	1942-04-01	ДА	ЮФ	9 армия	268 озадн
048	1942-04-01	ДА	ЮФ	9 армия	12 тбр
048	1942-04-01	ДА	ЮФ	9 армия	5 рез. авиагруппа 
048	1942-04-01	ДА	ЮФ	9 армия	7 гв. шап
048	1942-04-01	ДА	ЮФ	9 армия	170 иап
048	1942-04-01	ДА	ЮФ	9 армия	121 оиб
048	1942-04-01	ДА	ЮФ	9 армия	861 осб
048	1942-04-01	ДА	ЮФ	9 армия	862 осб
049	1942-04-01	ДА	ЮФ	12 армия
049	1942-04-01	ДА	ЮФ	12 армия	4 сд
049	1942-04-01	ДА	ЮФ	12 армия	74 сд
049	1942-04-01	ДА	ЮФ	12 армия	261 сд
049	1942-04-01	ДА	ЮФ	12 армия	81 гап
049	1942-04-01	ДА	ЮФ	12 армия	521 ап ПТО
049	1942-04-01	ДА	ЮФ	12 армия	14 озадн
049	1942-04-01	ДА	ЮФ	12 армия	504 озадн
049	1942-04-01	ДА	ЮФ	12 армия	2 отд. бронепоезда
049	1942-04-01	ДА	ЮФ	12 армия	6 отд. бронепоезда
049	1942-04-01	ДА	ЮФ	12 армия	10 отд. бронепоезда
049	1942-04-01	ДА	ЮФ	12 армия	11 отд. бронепоезда
049	1942-04-01	ДА	ЮФ	12 армия	298 иап
049	1942-04-01	ДА	ЮФ	12 армия	647 лбап
049	1942-04-01	ДА	ЮФ	12 армия	50 оиб
049	1942-04-01	ДА	ЮФ	12 армия	863 осб
049	1942-04-01	ДА	ЮФ	12 армия	864 осб
050	1942-04-01	ДА	ЮФ	18 армия
050	1942-04-01	ДА	ЮФ	18 армия	15 гв.
050	1942-04-01	ДА	ЮФ	18 армия	383 сд
050	1942-04-01	ДА	ЮФ	18 армия	395 сд
050	1942-04-01	ДА	ЮФ	18 армия	530 ап ПТО
050	1942-04-01	ДА	ЮФ	18 армия	30 озадн
050	1942-04-01	ДА	ЮФ	18 армия	16 гв.
050	1942-04-01	ДА	ЮФ	18 армия	131 иап
050	1942-04-01	ДА	ЮФ	18 армия	68 оиб
050	1942-04-01	ДА	ЮФ	18 армия	517 осб
050	1942-04-01	ДА	ЮФ	18 армия	865 осб
051	1942-04-01	ДА	ЮФ	37 армия
051	1942-04-01	ДА	ЮФ	37 армия	15 сд
051	1942-04-01	ДА	ЮФ	37 армия	218 сд
051	1942-04-01	ДА	ЮФ	37 армия	230 сд
051	1942-04-01	ДА	ЮФ	37 армия	275 сд
051	1942-04-01	ДА	ЮФ	37 армия	295 сд
051	1942-04-01	ДА	ЮФ	37 армия	296 сд
051	1942-04-01	ДА	ЮФ	37 армия	266 ап
051	1942-04-01	ДА	ЮФ	37 армия	268 ап
051	1942-04-01	ДА	ЮФ	37 армия	648 ап
051	1942-04-01	ДА	ЮФ	37 армия	508 озадн
051	1942-04-01	ДА	ЮФ	37 армия	2 тбр
051	1942-04-01	ДА	ЮФ	37 армия	3 тбр
051	1942-04-01	ДА	ЮФ	37 армия	54 тбр
051	1942-04-01	ДА	ЮФ	37 армия	446 иап
051	1942-04-01	ДА	ЮФ	37 армия	116 оиб
051	1942-04-01	ДА	ЮФ	37 армия	867 осб
051	1942-04-01	ДА	ЮФ	37 армия	868 осб
052	1942-04-01	ДА	ЮФ	56 армия
052	1942-04-01	ДА	ЮФ	56 армия	3 гв. ск
052	1942-04-01	ДА	ЮФ	56 армия	2 гв. сд
052	1942-04-01	ДА	ЮФ	56 армия	76 сбр
052	1942-04-01	ДА	ЮФ	56 армия	81 сбр
052	1942-04-01	ДА	ЮФ	56 армия	102 сбр
052	1942-04-01	ДА	ЮФ	56 армия	31 сд
052	1942-04-01	ДА	ЮФ	56 армия	339 сд
052	1942-04-01	ДА	ЮФ	56 армия	347 сд
052	1942-04-01	ДА	ЮФ	56 армия	16 сбр
052	1942-04-01	ДА	ЮФ	56 армия	39 гв. кап
052	1942-04-01	ДА	ЮФ	56 армия	689 ап
052	1942-04-01	ДА	ЮФ	56 армия	574 гап
052	1942-04-01	ДА	ЮФ	56 армия	8 гв. мп
052	1942-04-01	ДА	ЮФ	56 армия	574 оадн
052	1942-04-01	ДА	ЮФ	56 армия	4 гв.
052	1942-04-01	ДА	ЮФ	56 армия	7 одн бронепоездов
052	1942-04-01	ДА	ЮФ	56 армия	74 сад
052	1942-04-01	ДА	ЮФ	56 армия	585 лбап
052	1942-04-01	ДА	ЮФ	56 армия	4 иаэ
052	1942-04-01	ДА	ЮФ	56 армия	16 оиб
052	1942-04-01	ДА	ЮФ	56 армия	522 осб
052	1942-04-01	ДА	ЮФ	56 армия	870 осб
052	1942-04-01	ДА	ЮФ	56 армия	1581 осб
052	1942-04-01	ДА	ЮФ	56 армия	1602 осб
052	1942-04-01	ДА	ЮФ	56 армия	1615 осб
053	1942-04-01	ДА	ЮФ	57 армия
053	1942-04-01	ДА	ЮФ	57 армия	14 гв.
053	1942-04-01	ДА	ЮФ	57 армия	255 сд
053	1942-04-01	ДА	ЮФ	57 армия	317 сд
053	1942-04-01	ДА	ЮФ	57 армия	341 сд
053	1942-04-01	ДА	ЮФ	57 армия	351 сд
053	1942-04-01	ДА	ЮФ	57 армия	476 пап
053	1942-04-01	ДА	ЮФ	57 армия	6 тбр
053	1942-04-01	ДА	ЮФ	57 армия	130 тбр
053	1942-04-01	ДА	ЮФ	57 армия	131 тбр
053	1942-04-01	ДА	ЮФ	57 армия	40 иап
053	1942-04-01	ДА	ЮФ	57 армия	271 иап
053	1942-04-01	ДА	ЮФ	57 армия	12 оиб
053	1942-04-01	ДА	ЮФ	57 армия	122 оиб
053	1942-04-01	ДА	ЮФ	57 армия	871 осб
053	1942-04-01	ДА	ЮФ	57 армия	872 осб
054	1942-04-01	ДА	ЮФ	2 кк
054	1942-04-01	ДА	ЮФ	62 кд
054	1942-04-01	ДА	ЮФ	64 кд
054	1942-04-01	ДА	ЮФ	70 кд
054	1942-04-01	ДА	ЮФ	5 кк 
054	1942-04-01	ДА	ЮФ	34 кд
054	1942-04-01	ДА	ЮФ	60 кд
054	1942-04-01	ДА	ЮФ	79 кд
054	1942-04-01	ДА	ЮФ	6 кк 
054	1942-04-01	ДА	ЮФ	26 кд
054	1942-04-01	ДА	ЮФ	38 кд
054	1942-04-01	ДА	ЮФ	49 кд
054	1942-04-01	ДА	ЮФ	229 ап
054	1942-04-01	ДА	ЮФ	262 ап
054	1942-04-01	ДА	ЮФ	269 ап
054	1942-04-01	ДА	ЮФ	368 ап
054	1942-04-01	ДА	ЮФ	377 ап
054	1942-04-01	ДА	ЮФ	880 ап
054	1942-04-01	ДА	ЮФ	665 ап ПТО
054	1942-04-01	ДА	ЮФ	7 тбр
054	1942-04-01	ДА	ЮФ	15 тбр
054	1942-04-01	ДА	ЮФ	121 тбр
054	1942-04-01	ДА	ЮФ	75 отб
054	1942-04-01	ДА	ЮФ	21 сад
054	1942-04-01	ДА	ЮФ	750 лбап
054	1942-04-01	ДА	ЮФ	246 иап
054	1942-04-01	ДА	ЮФ	8 саперная армия 
054	1942-04-01	ДА	ЮФ	23 сбр
054	1942-04-01	ДА	ЮФ	24 сбр
054	1942-04-01	ДА	ЮФ	25 сбр
054	1942-04-01	ДА	ЮФ	26 сбр
054	1942-04-01	ДА	ЮФ	27 сбр
054	1942-04-01	ДА	ЮФ	28 сбр
054	1942-04-01	ДА	ЮФ	29 сбр
054	1942-04-01	ДА	ЮФ	30 сбр
054	1942-04-01	ДА	ЮФ	9 оиб
054	1942-04-01	ДА	ЮФ	108 оиб
054	1942-04-01	ДА	ЮФ	112 оиб
054	1942-04-01	ДА	ЮФ	123 оиб
054	1942-04-01	ДА	ЮФ	124 оиб
054	1942-04-01	ДА	ЮФ	858 осб
054	1942-04-01	ДА	ЮФ	859 осб
054	1942-04-01	ДА	ЮФ	7 пмб
054	1942-04-01	ДА	ЮФ	19 пмб
054	1942-04-01	ДА	ЮФ	21 пмб
054	1942-04-01	ДА	ЮФ	22 пмб
054	1942-04-01	ДА	ЮФ	35 пмб
054	1942-04-01	ДА	ЮФ	37 пмб
054	1942-04-01	ДА	ЮФ	85 пмб
055	1942-04-01	ДА	КрФ
055	1942-04-01	ДА	КрФ	44 армия
055	1942-04-01	ДА	КрФ	44 армия	63 гсд
055	1942-04-01	ДА	КрФ	44 армия	362 гсд
055	1942-04-01	ДА	КрФ	44 армия	396 сд
055	1942-04-01	ДА	КрФ	44 армия	401 сд
055	1942-04-01	ДА	КрФ	44 армия	53 ап
055	1942-04-01	ДА	КрФ	44 армия	766 ап ПТО
055	1942-04-01	ДА	КрФ	44 армия	220 озадн
055	1942-04-01	ДА	КрФ	44 армия	319 озадн
055	1942-04-01	ДА	КрФ	44 армия	333 озадн
055	1942-04-01	ДА	КрФ	44 армия	348 озадн
055	1942-04-01	ДА	КрФ	44 армия	24 отп
055	1942-04-01	ДА	КрФ	44 армия	126 отб
055	1942-04-01	ДА	КрФ	44 армия	19 оиб
055	1942-04-01	ДА	КрФ	44 армия	61 оиб
056	1942-04-01	ДА	КрФ	47 армия
056	1942-04-01	ДА	КрФ	47 армия	77 гсд
056	1942-04-01	ДА	КрФ	47 армия	271 сд
056	1942-04-01	ДА	КрФ	47 армия	54 мсп
056	1942-04-01	ДА	КрФ	47 армия	456 пап
056	1942-04-01	ДА	КрФ	47 армия	13 мцп
056	1942-04-01	ДА	КрФ	47 армия	132 оиб
057	1942-04-01	ДА	КрФ	51 армия
057	1942-04-01	ДА	КрФ	51 армия	138 гсд
057	1942-04-01	ДА	КрФ	51 армия	320 сд
057	1942-04-01	ДА	КрФ	51 армия	390 сд
057	1942-04-01	ДА	КрФ	51 армия	398 сд
057	1942-04-01	ДА	КрФ	51 армия	400 сд
057	1942-04-01	ДА	КрФ	51 армия	143 сбр
057	1942-04-01	ДА	КрФ	51 армия	25 пап
057	1942-04-01	ДА	КрФ	51 армия	547 пап
057	1942-04-01	ДА	КрФ	51 армия	989 ап ПТО
057	1942-04-01	ДА	КрФ	51 армия	19 гв. мп
057	1942-04-01	ДА	КрФ	51 армия	25 гв. мп
057	1942-04-01	ДА	КрФ	51 армия	351 озадн
057	1942-04-01	ДА	КрФ	51 армия	39 тбр
057	1942-04-01	ДА	КрФ	51 армия	40 тбр
057	1942-04-01	ДА	КрФ	51 армия	55 тбр
057	1942-04-01	ДА	КрФ	51 армия	56 тбр
057	1942-04-01	ДА	КрФ	51 армия	205 оиб
057	1942-04-01	ДА	КрФ	51 армия	1636 осб
058	1942-04-01	ДА	КрФ	Приморская армия
058	1942-04-01	ДА	КрФ	Приморская армия	25 сд
058	1942-04-01	ДА	КрФ	Приморская армия	95 сд
058	1942-04-01	ДА	КрФ	Приморская армия	109 сд
058	1942-04-01	ДА	КрФ	Приморская армия	172 сд
058	1942-04-01	ДА	КрФ	Приморская армия	345 сд
058	1942-04-01	ДА	КрФ	Приморская армия	386 сд
058	1942-04-01	ДА	КрФ	Приморская армия	388 сд
058	1942-04-01	ДА	КрФ	Приморская армия	40 кд
058	1942-04-01	ДА	КрФ	Приморская армия	8 бр. морской пехоты
058	1942-04-01	ДА	КрФ	Приморская армия	52 ап
058	1942-04-01	ДА	КрФ	Приморская армия	265 ап
058	1942-04-01	ДА	КрФ	Приморская армия	700 ап ПТО
058	1942-04-01	ДА	КрФ	Приморская армия	53 огв. мдн
058	1942-04-01	ДА	КрФ	Приморская армия	26 озадн
058	1942-04-01	ДА	КрФ	Приморская армия	81 отб
058	1942-04-01	ДА	КрФ	Приморская армия	125 отб
058	1942-04-01	ДА	КрФ	Приморская армия	82 осб
059	1942-04-01	ДА	КрФ	156 сд
059	1942-04-01	ДА	КрФ	276 сд
059	1942-04-01	ДА	КрФ	596 ап ПТО
059	1942-04-01	ДА	КрФ	373 озадн
059	1942-04-01	ДА	КрФ	388 озадн
059	1942-04-01	ДА	КрФ	509 озадн
059	1942-04-01	ДА	КрФ	79 отб
059	1942-04-01	ДА	КрФ	25 иад
059	1942-04-01	ДА	КрФ	27 иад
059	1942-04-01	ДА	КрФ	71 иад
059	1942-04-01	ДА	КрФ	72 иад
059	1942-04-01	ДА	КрФ	135 иад
059	1942-04-01	ДА	КрФ	132 бад
059	1942-04-01	ДА	КрФ	743 иап
059	1942-04-01	ДА	КрФ	764 лбап
059	1942-04-01	ДА	КрФ	40 каэ
059	1942-04-01	ДА	КрФ	151 раэ
059	1942-04-01	ДА	КрФ	152 раэ
059	1942-04-01	ДА	КрФ	3 оиб
059	1942-04-01	ДА	КрФ	75 оиб
059	1942-04-01	ДА	КрФ	256 оиб
059	1942-04-01	ДА	КрФ	54 пмб
059	1942-04-01	ДА	КрФ	1649 осб
059	1942-04-01	ДА	КрФ	1677 осб
059	1942-04-01	ДА	КрФ	1679 осб
059	1942-04-01	ДА	КрФ	1690 осб
060	1942-04-01	ДА	ОА
060	1942-04-01	ДА	ОА	7 армия
060	1942-04-01	ДА	ОА	7 армия	21 сд
060	1942-04-01	ДА	ОА	7 армия	67 сд
060	1942-04-01	ДА	ОА	7 армия	114 сд
060	1942-04-01	ДА	ОА	7 армия	272 сд
060	1942-04-01	ДА	ОА	7 армия	314 сд
060	1942-04-01	ДА	ОА	7 армия	368 сд
060	1942-04-01	ДА	ОА	7 армия	70 морские сбр
060	1942-04-01	ДА	ОА	7 армия	73 морские сбр
060	1942-04-01	ДА	ОА	7 армия	111 олыжб
060	1942-04-01	ДА	ОА	7 армия	119 олыжб
060	1942-04-01	ДА	ОА	7 армия	120 олыжб
060	1942-04-01	ДА	ОА	7 армия	189 олыжб
060	1942-04-01	ДА	ОА	7 армия	190 олыжб
060	1942-04-01	ДА	ОА	7 армия	191 олыжб
060	1942-04-01	ДА	ОА	7 армия	192 олыжб
060	1942-04-01	ДА	ОА	7 армия	109 гап
060	1942-04-01	ДА	ОА	7 армия	480 гап
060	1942-04-01	ДА	ОА	7 армия	45 огв. мдн
060	1942-04-01	ДА	ОА	7 армия	54 озадн
060	1942-04-01	ДА	ОА	7 армия	431 отб
060	1942-04-01	ДА	ОА	7 армия	18 оаэсб
060	1942-04-01	ДА	ОА	7 армия	28 оаэсб
060	1942-04-01	ДА	ОА	7 армия	4 гв. бап
060	1942-04-01	ДА	ОА	7 армия	524 иап
060	1942-04-01	ДА	ОА	7 армия	18 оиб
060	1942-04-01	ДА	ОА	7 армия	40 пмб
061	1942-04-01	ДА	МЗО
061	1942-04-01	ДА	МЗО	24 армия
062	1942-04-01	ДА	МЗО	3 саперная армия
062	1942-04-01	ДА	МЗО	4 сбр
062	1942-04-01	ДА	МЗО	6 сбр
062	1942-04-01	ДА	МЗО	162 оиб
063	1942-04-01	ДА	УАГ СВГК
063	1942-04-01	ДА	УАГ СВГК	1 ударная авиационная группа
063	1942-04-01	ДА	УАГ СВГК	1 ударная авиационная группа	92 иап
063	1942-04-01	ДА	УАГ СВГК	1 ударная авиационная группа	160 иап
063	1942-04-01	ДА	УАГ СВГК	1 ударная авиационная группа	293 иап
063	1942-04-01	ДА	УАГ СВГК	1 ударная авиационная группа	484 иап
063	1942-04-01	ДА	УАГ СВГК	1 ударная авиационная группа	565 шап
063	1942-04-01	ДА	УАГ СВГК	1 ударная авиационная группа	771 ббап
064	1942-04-01	ДА	УАГ СВГК	2 ударная авиационная группа
064	1942-04-01	ДА	УАГ СВГК	2 ударная авиационная группа	9 иап
064	1942-04-01	ДА	УАГ СВГК	2 ударная авиационная группа	24 иап
064	1942-04-01	ДА	УАГ СВГК	2 ударная авиационная группа	291 иап
064	1942-04-01	ДА	УАГ СВГК	2 ударная авиационная группа	426 иап
064	1942-04-01	ДА	УАГ СВГК	2 ударная авиационная группа	428 иап
064	1942-04-01	ДА	УАГ СВГК	2 ударная авиационная группа	774 иап
064	1942-04-01	ДА	УАГ СВГК	2 ударная авиационная группа	567 шап
064	1942-04-01	ДА	УАГ СВГК	2 ударная авиационная группа	568 шап
065	1942-04-01	ДА	УАГ СВГК	3 ударная авиационная группа
065	1942-04-01	ДА	УАГ СВГК	3 ударная авиационная группа	146 иап
065	1942-04-01	ДА	УАГ СВГК	3 ударная авиационная группа	245 шап
066	1942-04-01	ДА	УАГ СВГК	4 ударная авиационная группа
066	1942-04-01	ДА	УАГ СВГК	4 ударная авиационная группа	198 шап
066	1942-04-01	ДА	УАГ СВГК	4 ударная авиационная группа	566 шап
066	1942-04-01	ДА	УАГ СВГК	4 ударная авиационная группа	745 иап
067	1942-04-01	ДА	УАГ СВГК	5 ударная авиационная группа
067	1942-04-01	ДА	УАГ СВГК	5 ударная авиационная группа	162 иап
067	1942-04-01	ДА	УАГ СВГК	5 ударная авиационная группа	211 иап
067	1942-04-01	ДА	УАГ СВГК	5 ударная авиационная группа	431 иап
068	1942-04-01	ДА	УАГ СВГК	6 ударная авиационная группа
068	1942-04-01	ДА	УАГ СВГК	6 ударная авиационная группа	74 шап
068	1942-04-01	ДА	УАГ СВГК	6 ударная авиационная группа	580 иап
068	1942-04-01	ДА	УАГ СВГК	6 ударная авиационная группа	842 дбап
069	1942-04-01	ДА	УАГ СВГК	7 ударная авиационная группа
069	1942-04-01	ДА	УАГ СВГК	7 ударная авиационная группа	42 иап
069	1942-04-01	ДА	УАГ СВГК	7 ударная авиационная группа	263 иап
069	1942-04-01	ДА	УАГ СВГК	7 ударная авиационная группа	723 бап
070	1942-04-01	ДА	АДД РА
070	1942-04-01	ДА	АДД РА	3 ад ДД
070	1942-04-01	ДА	АДД РА	17 ад ДД
070	1942-04-01	ДА	АДД РА	24 ад ДД
070	1942-04-01	ДА	АДД РА	36 ад ДД
070	1942-04-01	ДА	АДД РА	50 ад ДД
070	1942-04-01	ДА	АДД РА	53 ад ДД
070	1942-04-01	ДА	АДД РА	62 ад ДД
070	1942-04-01	ДА	АДД РА	746 оап ДД
070	1942-04-01	ДА	АДД РА	747 оап ДД
070	1942-04-01	ДА	АДД РА	40 рап
071	1942-04-01	ПВО
071	1942-04-01	ПВО	ПВО ДА
071	1942-04-01	ПВО	ПВО ДА	Карельский фронт
071	1942-04-01	ПВО	ПВО ДА	Карельский фронт	122 иад
071	1942-04-01	ПВО	ПВО ДА	Карельский фронт	767 иап
071	1942-04-01	ПВО	ПВО ДА	Карельский фронт	768 иап
071	1942-04-01	ПВО	ПВО ДА	Карельский фронт	769 иап
072	1942-04-01	ПВО	ПВО ДА	Карельский фронт	33 озадн
072	1942-04-01	ПВО	ПВО ДА	Карельский фронт	417 озадн
072	1942-04-01	ПВО	ПВО ДА	Карельский фронт	426 озадн
073	1942-04-01	ПВО	ПВО ДА	Ленинградский фронт
073	1942-04-01	ПВО	ПВО ДА	Ленинградский фронт	2 корпус ПВО
073	1942-04-01	ПВО	ПВО ДА	Ленинградский фронт	115 зенап
073	1942-04-01	ПВО	ПВО ДА	Ленинградский фронт	169 зенап
073	1942-04-01	ПВО	ПВО ДА	Ленинградский фронт	189 зенап
073	1942-04-01	ПВО	ПВО ДА	Ленинградский фронт	192 зенап
073	1942-04-01	ПВО	ПВО ДА	Ленинградский фронт	194 зенап
073	1942-04-01	ПВО	ПВО ДА	Ленинградский фронт	351 зенап
073	1942-04-01	ПВО	ПВО ДА	Ленинградский фронт	2 зенпулп
073	1942-04-01	ПВО	ПВО ДА	Ленинградский фронт	20 озадн
073	1942-04-01	ПВО	ПВО ДА	Ленинградский фронт	251 озадн
073	1942-04-01	ПВО	ПВО ДА	Ленинградский фронт	7 иак 
073	1942-04-01	ПВО	ПВО ДА	Ленинградский фронт	11 гв.
073	1942-04-01	ПВО	ПВО ДА	Ленинградский фронт	123 иап
073	1942-04-01	ПВО	ПВО ДА	Ленинградский фронт	124 иап
073	1942-04-01	ПВО	ПВО ДА	Ленинградский фронт	158 иап
074	1942-04-01	ПВО	ПВО ДА	Ленинградский фронт	1 озадн
074	1942-04-01	ПВО	ПВО ДА	Ленинградский фронт	37 озадн
074	1942-04-01	ПВО	ПВО ДА	Ленинградский фронт	65 озадн
074	1942-04-01	ПВО	ПВО ДА	Ленинградский фронт	177 озадн
074	1942-04-01	ПВО	ПВО ДА	Ленинградский фронт	447 озадн
075	1942-04-01	ПВО	ПВО ДА	Ленинградский фронт	21 озадн
075	1942-04-01	ПВО	ПВО ДА	Ленинградский фронт	25 озадн
075	1942-04-01	ПВО	ПВО ДА	Ленинградский фронт	225 озадн
075	1942-04-01	ПВО	ПВО ДА	Ленинградский фронт	253 озадн
075	1942-04-01	ПВО	ПВО ДА	Ленинградский фронт	432 озадн
075	1942-04-01	ПВО	ПВО ДА	Ленинградский фронт	434 озадн
076	1942-04-01	ПВО	ПВО ДА	Волховский фронт
076	1942-04-01	ПВО	ПВО ДА	Волховский фронт	15 озадн
077	1942-04-01	ПВО	ПВО ДА	Северо-Западный фронт
078	1942-04-01	ПВО	ПВО ДА	Северо-Западный фронт	106 иад
078	1942-04-01	ПВО	ПВО ДА	Северо-Западный фронт	33 иап
078	1942-04-01	ПВО	ПВО ДА	Северо-Западный фронт	253 иап
078	1942-04-01	ПВО	ПВО ДА	Северо-Западный фронт	441 иап
078	1942-04-01	ПВО	ПВО ДА	Северо-Западный фронт	630 иап
079	1942-04-01	ПВО	ПВО ДА	Брянский фронт
079	1942-04-01	ПВО	ПВО ДА	Брянский фронт	36 иад
079	1942-04-01	ПВО	ПВО ДА	Брянский фронт	591 иап
079	1942-04-01	ПВО	ПВО ДА	Брянский фронт	785 иап
080	1942-04-01	ПВО	ПВО ДА	Брянский фронт	733 зенап
080	1942-04-01	ПВО	ПВО ДА	Брянский фронт	290 озадн
081	1942-04-01	ПВО	ПВО ДА	Юго-Западный фронт
081	1942-04-01	ПВО	ПВО ДА	Юго-Западный фронт	3 дивизия ПВО
081	1942-04-01	ПВО	ПВО ДА	Юго-Западный фронт	183 зенап
081	1942-04-01	ПВО	ПВО ДА	Юго-Западный фронт	254 зенап
081	1942-04-01	ПВО	ПВО ДА	Юго-Западный фронт	93 озадн
081	1942-04-01	ПВО	ПВО ДА	Юго-Западный фронт	96 озадн
081	1942-04-01	ПВО	ПВО ДА	Юго-Западный фронт	4 дивизия ПВО 
081	1942-04-01	ПВО	ПВО ДА	Юго-Западный фронт	317 зенап
081	1942-04-01	ПВО	ПВО ДА	Юго-Западный фронт	736 зенап
081	1942-04-01	ПВО	ПВО ДА	Юго-Западный фронт	79 озадн
081	1942-04-01	ПВО	ПВО ДА	Юго-Западный фронт	86 озадн
081	1942-04-01	ПВО	ПВО ДА	Юго-Западный фронт	141 озадн
081	1942-04-01	ПВО	ПВО ДА	Юго-Западный фронт	288 озадн
081	1942-04-01	ПВО	ПВО ДА	Юго-Западный фронт	436 озадн
081	1942-04-01	ПВО	ПВО ДА	Юго-Западный фронт	101 иад 
081	1942-04-01	ПВО	ПВО ДА	Юго-Западный фронт	487 иап
081	1942-04-01	ПВО	ПВО ДА	Юго-Западный фронт	573 иап
081	1942-04-01	ПВО	ПВО ДА	Юго-Западный фронт	826 иап
082	1942-04-01	ПВО	ПВО ДА	Юго-Западный фронт	746 зенап
082	1942-04-01	ПВО	ПВО ДА	Юго-Западный фронт	296 озадн
082	1942-04-01	ПВО	ПВО ДА	Юго-Западный фронт	54 отд. зенитные бронепоезда
082	1942-04-01	ПВО	ПВО ДА	Юго-Западный фронт	55 отд. зенитные бронепоезда
082	1942-04-01	ПВО	ПВО ДА	Юго-Западный фронт	56 отд. зенитные бронепоезда
083	1942-04-01	ПВО	ПВО ДА	Южный фронт
083	1942-04-01	ПВО	ПВО ДА	Южный фронт	57 озадн
083	1942-04-01	ПВО	ПВО ДА	Южный фронт	364 озадн
084	1942-04-01	ПВО	ПВО ДА	Южный фронт	113 озадн
084	1942-04-01	ПВО	ПВО ДА	Южный фронт	159 озадн
084	1942-04-01	ПВО	ПВО ДА	Южный фронт	165 озадн
084	1942-04-01	ПВО	ПВО ДА	Южный фронт	179 озадн
084	1942-04-01	ПВО	ПВО ДА	Южный фронт	234 озадн
084	1942-04-01	ПВО	ПВО ДА	Южный фронт	235 озадн
084	1942-04-01	ПВО	ПВО ДА	Южный фронт	537 озадн
084	1942-04-01	ПВО	ПВО ДА	Южный фронт	540 озадн
085	1942-04-01	ПВО	ПВО ДА	Южный фронт	105 иад
085	1942-04-01	ПВО	ПВО ДА	Южный фронт	182 иап
085	1942-04-01	ПВО	ПВО ДА	Южный фронт	234 иап
085	1942-04-01	ПВО	ПВО ДА	Южный фронт	572 иап
086	1942-04-01	ПВО	ПВО ДА	Крымский фронт
086	1942-04-01	ПВО	ПВО ДА	Крымский фронт	15 бригада ПВО
086	1942-04-01	ПВО	ПВО ДА	Крымский фронт	638 зенап
086	1942-04-01	ПВО	ПВО ДА	Крымский фронт	214 озадн
086	1942-04-01	ПВО	ПВО ДА	Крымский фронт	224 озадн
086	1942-04-01	ПВО	ПВО ДА	Крымский фронт	310 озадн
086	1942-04-01	ПВО	ПВО ДА	Крымский фронт	343 озадн
086	1942-04-01	ПВО	ПВО ДА	Крымский фронт	353 озадн
086	1942-04-01	ПВО	ПВО ДА	Крымский фронт	380 озадн
086	1942-04-01	ПВО	ПВО ДА	Крымский фронт	391 озадн
086	1942-04-01	ПВО	ПВО ДА	Крымский фронт	510 озадн
086	1942-04-01	ПВО	ПВО ДА	Крымский фронт	511 озадн
086	1942-04-01	ПВО	ПВО ДА	Крымский фронт	571 озадн
086	1942-04-01	ПВО	ПВО ДА	Крымский фронт	268 иап
087	1942-04-01	ПВО	ПВО ВО, НДФ
087	1942-04-01	ПВО	ПВО ВО, НДФ	Московский военный округ
087	1942-04-01	ПВО	ПВО ВО, НДФ	Московский военный округ	135 озадн
088	1942-04-01	ПВО	ПВО ВО, НДФ	Московский военный округ	6 иак
088	1942-04-01	ПВО	ПВО ВО, НДФ	Московский военный округ	12 гв.
088	1942-04-01	ПВО	ПВО ВО, НДФ	Московский военный округ	16 иап
088	1942-04-01	ПВО	ПВО ВО, НДФ	Московский военный округ	27 иап
088	1942-04-01	ПВО	ПВО ВО, НДФ	Московский военный округ	28 иап
088	1942-04-01	ПВО	ПВО ВО, НДФ	Московский военный округ	34 иап
088	1942-04-01	ПВО	ПВО ВО, НДФ	Московский военный округ	67 иап
088	1942-04-01	ПВО	ПВО ВО, НДФ	Московский военный округ	126 иап
088	1942-04-01	ПВО	ПВО ВО, НДФ	Московский военный округ	176 иап
088	1942-04-01	ПВО	ПВО ВО, НДФ	Московский военный округ	177 иап
088	1942-04-01	ПВО	ПВО ВО, НДФ	Московский военный округ	178 иап
088	1942-04-01	ПВО	ПВО ВО, НДФ	Московский военный округ	233 иап
088	1942-04-01	ПВО	ПВО ВО, НДФ	Московский военный округ	287 иап
088	1942-04-01	ПВО	ПВО ВО, НДФ	Московский военный округ	291 иап
088	1942-04-01	ПВО	ПВО ВО, НДФ	Московский военный округ	309 иап
088	1942-04-01	ПВО	ПВО ВО, НДФ	Московский военный округ	428 иап
088	1942-04-01	ПВО	ПВО ВО, НДФ	Московский военный округ	429 иап
088	1942-04-01	ПВО	ПВО ВО, НДФ	Московский военный округ	445 иап
088	1942-04-01	ПВО	ПВО ВО, НДФ	Московский военный округ	488 иап
088	1942-04-01	ПВО	ПВО ВО, НДФ	Московский военный округ	502 иап
088	1942-04-01	ПВО	ПВО ВО, НДФ	Московский военный округ	564 иап
088	1942-04-01	ПВО	ПВО ВО, НДФ	Московский военный округ	565 иап
088	1942-04-01	ПВО	ПВО ВО, НДФ	Московский военный округ	736 иап
089	1942-04-01	ПВО	ПВО ВО, НДФ	Московский военный округ	142 иад
089	1942-04-01	ПВО	ПВО ВО, НДФ	Московский военный округ	249 иап
089	1942-04-01	ПВО	ПВО ВО, НДФ	Московский военный округ	423 иап
089	1942-04-01	ПВО	ПВО ВО, НДФ	Московский военный округ	632 иап
089	1942-04-01	ПВО	ПВО ВО, НДФ	Московский военный округ	722 иап
089	1942-04-01	ПВО	ПВО ВО, НДФ	Московский военный округ	786 иап
090	1942-04-01	ПВО	ПВО ВО, НДФ	Московский военный округ	147 иад
090	1942-04-01	ПВО	ПВО ВО, НДФ	Московский военный округ	4 иап
090	1942-04-01	ПВО	ПВО ВО, НДФ	Московский военный округ	721 иап
091	1942-04-01	ПВО	ПВО ВО, НДФ	Московский военный округ	125 иад
091	1942-04-01	ПВО	ПВО ВО, НДФ	Московский военный округ	171 иап
091	1942-04-01	ПВО	ПВО ВО, НДФ	Московский военный округ	495 иап
091	1942-04-01	ПВО	ПВО ВО, НДФ	Московский военный округ	787 иап
092	1942-04-01	ПВО	ПВО ВО, НДФ	Архангельский военный округ
092	1942-04-01	ПВО	ПВО ВО, НДФ	Архангельский военный округ	104 иад
092	1942-04-01	ПВО	ПВО ВО, НДФ	Архангельский военный округ	729 иап
092	1942-04-01	ПВО	ПВО ВО, НДФ	Архангельский военный округ	730 иап
093	1942-04-01	ПВО	ПВО ВО, НДФ	Архангельский военный округ	148 иад
093	1942-04-01	ПВО	ПВО ВО, НДФ	Архангельский военный округ	731 иап
093	1942-04-01	ПВО	ПВО ВО, НДФ	Архангельский военный округ	740 иап
094	1942-04-01	ПВО	ПВО ВО, НДФ	Приволжский военный округ
094	1942-04-01	ПВО	ПВО ВО, НДФ	Приволжский военный округ	141 иад
094	1942-04-01	ПВО	ПВО ВО, НДФ	Приволжский военный округ	631 иап
094	1942-04-01	ПВО	ПВО ВО, НДФ	Приволжский военный округ	802 иап
095	1942-04-01	ПВО	ПВО ВО, НДФ	Приволжский военный округ	89 озадн
095	1942-04-01	ПВО	ПВО ВО, НДФ	Приволжский военный округ	243 озадн
095	1942-04-01	ПВО	ПВО ВО, НДФ	Приволжский военный округ	374 озадн
095	1942-04-01	ПВО	ПВО ВО, НДФ	Приволжский военный округ	501 озадн
096	1942-04-01	ПВО	ПВО ВО, НДФ	Приволжский военный округ	144 иад
096	1942-04-01	ПВО	ПВО ВО, НДФ	Приволжский военный округ	753 иап
097	1942-04-01	ПВО	ПВО ВО, НДФ	Сталинградский военный округ
097	1942-04-01	ПВО	ПВО ВО, НДФ	Сталинградский военный округ	102 иад
097	1942-04-01	ПВО	ПВО ВО, НДФ	Сталинградский военный округ	439 иап
097	1942-04-01	ПВО	ПВО ВО, НДФ	Сталинградский военный округ	628 иап
097	1942-04-01	ПВО	ПВО ВО, НДФ	Сталинградский военный округ	629 иап
097	1942-04-01	ПВО	ПВО ВО, НДФ	Сталинградский военный округ	651 иап
097	1942-04-01	ПВО	ПВО ВО, НДФ	Сталинградский военный округ	652 иап
097	1942-04-01	ПВО	ПВО ВО, НДФ	Сталинградский военный округ	788 иап
098	1942-04-01	ПВО	ПВО ВО, НДФ	Северо-Кавказский военный округ
098	1942-04-01	ПВО	ПВО ВО, НДФ	Северо-Кавказский военный округ	738 иап
099	1942-04-01	ПВО	ПВО ВО, НДФ	Северо-Кавказский военный округ	454 зенап
100	1942-04-01	ПВО	ПВО ВО, НДФ	Северо-Кавказский военный округ	744 зенап
101	1942-04-01	ПВО	ПВО ВО, НДФ	Закавказский военный округ
101	1942-04-01	ПВО	ПВО ВО, НДФ	Закавказский военный округ	3 корпус ПВО
101	1942-04-01	ПВО	ПВО ВО, НДФ	Закавказский военный округ	180 зенап
101	1942-04-01	ПВО	ПВО ВО, НДФ	Закавказский военный округ	190 зенап
101	1942-04-01	ПВО	ПВО ВО, НДФ	Закавказский военный округ	195 зенап
101	1942-04-01	ПВО	ПВО ВО, НДФ	Закавказский военный округ	252 зенап
101	1942-04-01	ПВО	ПВО ВО, НДФ	Закавказский военный округ	335 зенап
101	1942-04-01	ПВО	ПВО ВО, НДФ	Закавказский военный округ	339 зенап
101	1942-04-01	ПВО	ПВО ВО, НДФ	Закавказский военный округ	513 зенап
101	1942-04-01	ПВО	ПВО ВО, НДФ	Закавказский военный округ	3 прожп
101	1942-04-01	ПВО	ПВО ВО, НДФ	Закавказский военный округ	8 бригада ПВО 
101	1942-04-01	ПВО	ПВО ВО, НДФ	Закавказский военный округ	466 зенап
101	1942-04-01	ПВО	ПВО ВО, НДФ	Закавказский военный округ	365 озадн
102	1942-04-01	ПВО	ПВО ВО, НДФ	Закавказский военный округ	8 иак
102	1942-04-01	ПВО	ПВО ВО, НДФ	Закавказский военный округ	82 иап
102	1942-04-01	ПВО	ПВО ВО, НДФ	Закавказский военный округ	266 иап
102	1942-04-01	ПВО	ПВО ВО, НДФ	Закавказский военный округ	267 иап
102	1942-04-01	ПВО	ПВО ВО, НДФ	Закавказский военный округ	480 иап
102	1942-04-01	ПВО	ПВО ВО, НДФ	Закавказский военный округ	481 иап
102	1942-04-01	ПВО	ПВО ВО, НДФ	Закавказский военный округ	483 иап
102	1942-04-01	ПВО	ПВО ВО, НДФ	Закавказский военный округ	68 иап
103	1942-04-01	ПВО	ПВО ВО, НДФ	Средне-Азиатский военный округ
103	1942-04-01	ПВО	ПВО ВО, НДФ	Средне-Азиатский военный округ	53 озадн
103	1942-04-01	ПВО	ПВО ВО, НДФ	Средне-Азиатский военный округ	143 озадн
103	1942-04-01	ПВО	ПВО ВО, НДФ	Средне-Азиатский военный округ	187 озадн
103	1942-04-01	ПВО	ПВО ВО, НДФ	Средне-Азиатский военный округ	189 озадн
103	1942-04-01	ПВО	ПВО ВО, НДФ	Средне-Азиатский военный округ	211 озадн
103	1942-04-01	ПВО	ПВО ВО, НДФ	Средне-Азиатский военный округ	249 озадн
103	1942-04-01	ПВО	ПВО ВО, НДФ	Средне-Азиатский военный округ	611 иап
104	1942-04-01	ПВО	ПВО ВО, НДФ	Забайкальский фронт
104	1942-04-01	ПВО	ПВО ВО, НДФ	Забайкальский фронт	1 
104	1942-04-01	ПВО	ПВО ВО, НДФ	Забайкальский фронт	10 озадн
104	1942-04-01	ПВО	ПВО ВО, НДФ	Забайкальский фронт	132 озадн
104	1942-04-01	ПВО	ПВО ВО, НДФ	Забайкальский фронт	162 озадн
104	1942-04-01	ПВО	ПВО ВО, НДФ	Забайкальский фронт	390 озадн
105	1942-04-01	ПВО	ПВО ВО, НДФ	Забайкальский фронт	2 
105	1942-04-01	ПВО	ПВО ВО, НДФ	Забайкальский фронт	150 озадн
105	1942-04-01	ПВО	ПВО ВО, НДФ	Забайкальский фронт	387 озадн
105	1942-04-01	ПВО	ПВО ВО, НДФ	Забайкальский фронт	408 озадн
106	1942-04-01	ПВО	ПВО ВО, НДФ	Забайкальский фронт	3 
106	1942-04-01	ПВО	ПВО ВО, НДФ	Забайкальский фронт	750 зенап
106	1942-04-01	ПВО	ПВО ВО, НДФ	Забайкальский фронт	166 озадн
106	1942-04-01	ПВО	ПВО ВО, НДФ	Забайкальский фронт	262 озадн
106	1942-04-01	ПВО	ПВО ВО, НДФ	Забайкальский фронт	264 озадн
107	1942-04-01	ПВО	ПВО ВО, НДФ	Дальневосточный фронт
107	1942-04-01	ПВО	ПВО ВО, НДФ	Дальневосточный фронт	1 
107	1942-04-01	ПВО	ПВО ВО, НДФ	Дальневосточный фронт	757 зенап
107	1942-04-01	ПВО	ПВО ВО, НДФ	Дальневосточный фронт	167 озадн
107	1942-04-01	ПВО	ПВО ВО, НДФ	Дальневосточный фронт	175 озадн
107	1942-04-01	ПВО	ПВО ВО, НДФ	Дальневосточный фронт	3 иап
108	1942-04-01	ПВО	ПВО ВО, НДФ	Дальневосточный фронт	2 
108	1942-04-01	ПВО	ПВО ВО, НДФ	Дальневосточный фронт	77 озадн
108	1942-04-01	ПВО	ПВО ВО, НДФ	Дальневосточный фронт	137 озадн
108	1942-04-01	ПВО	ПВО ВО, НДФ	Дальневосточный фронт	195 озадн
109	1942-04-01	ПВО	ПВО ВО, НДФ	Дальневосточный фронт	3 
109	1942-04-01	ПВО	ПВО ВО, НДФ	Дальневосточный фронт	749 зенап
109	1942-04-01	ПВО	ПВО ВО, НДФ	Дальневосточный фронт	163 озадн
109	1942-04-01	ПВО	ПВО ВО, НДФ	Дальневосточный фронт	190 озадн
109	1942-04-01	ПВО	ПВО ВО, НДФ	Дальневосточный фронт	217 озадн
109	1942-04-01	ПВО	ПВО ВО, НДФ	Дальневосточный фронт	18 иап
110	1942-04-01	ПВО	ПВО ВО, НДФ	Дальневосточный фронт	4 
110	1942-04-01	ПВО	ПВО ВО, НДФ	Дальневосточный фронт	4 озадн
110	1942-04-01	ПВО	ПВО ВО, НДФ	Дальневосточный фронт	155 озадн
110	1942-04-01	ПВО	ПВО ВО, НДФ	Дальневосточный фронт	398 озадн
111	1942-04-01	ПВО	ПВО ВО, НДФ	Дальневосточный фронт	5 
111	1942-04-01	ПВО	ПВО ВО, НДФ	Дальневосточный фронт	755 зенап
111	1942-04-01	ПВО	ПВО ВО, НДФ	Дальневосточный фронт	152 озадн
111	1942-04-01	ПВО	ПВО ВО, НДФ	Дальневосточный фронт	186 озадн
112	1942-04-01	ПВО	ПВО ВО, НДФ	Дальневосточный фронт	6 
112	1942-04-01	ПВО	ПВО ВО, НДФ	Дальневосточный фронт	752 зенап
112	1942-04-01	ПВО	ПВО ВО, НДФ	Дальневосточный фронт	60 иап
113	1942-04-01	РСВГК
113	1942-04-01	РСВГК	28 армия
113	1942-04-01	РСВГК	28 армия	38 сд
113	1942-04-01	РСВГК	28 армия	41 сд
113	1942-04-01	РСВГК	28 армия	103 сд
113	1942-04-01	РСВГК	28 армия	162 сд
113	1942-04-01	РСВГК	28 армия	175 сд
113	1942-04-01	РСВГК	28 армия	248 сд
113	1942-04-01	РСВГК	28 армия	277 сд
113	1942-04-01	РСВГК	28 армия	301 сд
113	1942-04-01	РСВГК	28 армия	35 сбр
113	1942-04-01	РСВГК	28 армия	54 пмб
113	1942-04-01	РСВГК	28 армия	94 пмб
114	1942-04-01	РСВГК	58 армия
114	1942-04-01	РСВГК	58 армия	152 сд
114	1942-04-01	РСВГК	58 армия	166 сд
114	1942-04-01	РСВГК	58 армия	170 сд
114	1942-04-01	РСВГК	58 армия	235 сд
114	1942-04-01	РСВГК	58 армия	282 сд
115	1942-04-01	РСВГК	2 гв. кк
115	1942-04-01	РСВГК	3 гв.
115	1942-04-01	РСВГК	4 гв.
115	1942-04-01	РСВГК	29 гап
115	1942-04-01	РСВГК	305 гап
115	1942-04-01	РСВГК	382 гап
115	1942-04-01	РСВГК	435 гап
115	1942-04-01	РСВГК	460 ап ПТО
115	1942-04-01	РСВГК	105 минп
115	1942-04-01	РСВГК	151 минп
115	1942-04-01	РСВГК	29 тбр
115	1942-04-01	РСВГК	53 оаэсб
115	1942-04-01	РСВГК	31 одн бронепоездов
115	1942-04-01	РСВГК	39 одн бронепоездов
115	1942-04-01	РСВГК	1 рез. авиабригада 
115	1942-04-01	РСВГК	437 иап
115	1942-04-01	РСВГК	638 лбап
115	1942-04-01	РСВГК	2 рез. авиабригада 
115	1942-04-01	РСВГК	516 иап
115	1942-04-01	РСВГК	571 шап
115	1942-04-01	РСВГК	645 лбап
115	1942-04-01	РСВГК	3 рез. авиабригада 
115	1942-04-01	РСВГК	295 иап
115	1942-04-01	РСВГК	517 иап
115	1942-04-01	РСВГК	709 лбап
115	1942-04-01	РСВГК	9 бап
115	1942-04-01	РСВГК	34 бап
115	1942-04-01	РСВГК	38 бап
115	1942-04-01	РСВГК	50 бап
115	1942-04-01	РСВГК	57 бап
115	1942-04-01	РСВГК	58 бап
115	1942-04-01	РСВГК	125 бап
115	1942-04-01	РСВГК	136 бап
115	1942-04-01	РСВГК	745 бап
115	1942-04-01	РСВГК	836 бап
115	1942-04-01	РСВГК	619 лбап
115	1942-04-01	РСВГК	637 лбап
115	1942-04-01	РСВГК	643 лбап
115	1942-04-01	РСВГК	678 лбап
115	1942-04-01	РСВГК	716 лбап
115	1942-04-01	РСВГК	704 шап
115	1942-04-01	РСВГК	239 иап
115	1942-04-01	РСВГК	435 иап
115	1942-04-01	РСВГК	248 иап
115	1942-04-01	РСВГК	485 иап
115	1942-04-01	РСВГК	659 иап
115	1942-04-01	РСВГК	789 иап
116	1942-04-01	ВО
116	1942-04-01	ВО	Московский ВО
116	1942-04-01	ВО	Московский ВО	1 вдк
116	1942-04-01	ВО	Московский ВО	211 вдбр
116	1942-04-01	ВО	Московский ВО	5 вдк 
116	1942-04-01	ВО	Московский ВО	7 вдбр
116	1942-04-01	ВО	Московский ВО	10 вдбр
116	1942-04-01	ВО	Московский ВО	201 вдбр
116	1942-04-01	ВО	Московский ВО	6 вдк 
116	1942-04-01	ВО	Московский ВО	11 вдбр
116	1942-04-01	ВО	Московский ВО	12 вдбр
116	1942-04-01	ВО	Московский ВО	13 вдбр
116	1942-04-01	ВО	Московский ВО	7 вдк 
116	1942-04-01	ВО	Московский ВО	14 вдбр
116	1942-04-01	ВО	Московский ВО	15 вдбр
116	1942-04-01	ВО	Московский ВО	16 вдбр
116	1942-04-01	ВО	Московский ВО	8 вдк 
116	1942-04-01	ВО	Московский ВО	17 вдбр
116	1942-04-01	ВО	Московский ВО	18 вдбр
116	1942-04-01	ВО	Московский ВО	19 вдбр
116	1942-04-01	ВО	Московский ВО	9 вдк 
116	1942-04-01	ВО	Московский ВО	20 вдбр
116	1942-04-01	ВО	Московский ВО	21 вдбр
116	1942-04-01	ВО	Московский ВО	22 вдбр
116	1942-04-01	ВО	Московский ВО	10 вдк 
116	1942-04-01	ВО	Московский ВО	23 вдбр
116	1942-04-01	ВО	Московский ВО	24 вдбр
116	1942-04-01	ВО	Московский ВО	25 вдбр
116	1942-04-01	ВО	Московский ВО	42 гв. кап
116	1942-04-01	ВО	Московский ВО	110 гап
116	1942-04-01	ВО	Московский ВО	152 гап
116	1942-04-01	ВО	Московский ВО	236 гап
116	1942-04-01	ВО	Московский ВО	272 гап
116	1942-04-01	ВО	Московский ВО	275 гап
116	1942-04-01	ВО	Московский ВО	283 гап
116	1942-04-01	ВО	Московский ВО	293 гап
116	1942-04-01	ВО	Московский ВО	315 гап
116	1942-04-01	ВО	Московский ВО	318 гап
116	1942-04-01	ВО	Московский ВО	324 гап
116	1942-04-01	ВО	Московский ВО	330 гап
116	1942-04-01	ВО	Московский ВО	877 гап
116	1942-04-01	ВО	Московский ВО	1016 гап
116	1942-04-01	ВО	Московский ВО	1017 гап
116	1942-04-01	ВО	Московский ВО	1018 гап
116	1942-04-01	ВО	Московский ВО	1019 гап
116	1942-04-01	ВО	Московский ВО	1020 гап
116	1942-04-01	ВО	Московский ВО	1021 гап
116	1942-04-01	ВО	Московский ВО	1022 гап
116	1942-04-01	ВО	Московский ВО	1091 пап
116	1942-04-01	ВО	Московский ВО	1092 пап
116	1942-04-01	ВО	Московский ВО	1093 пап
116	1942-04-01	ВО	Московский ВО	1094 пап
116	1942-04-01	ВО	Московский ВО	40 оадн о/м
116	1942-04-01	ВО	Московский ВО	226 оадн о/м
116	1942-04-01	ВО	Московский ВО	245 оадн о/м
116	1942-04-01	ВО	Московский ВО	441 ап ПТО
116	1942-04-01	ВО	Московский ВО	444 ап ПТО
116	1942-04-01	ВО	Московский ВО	637 ап ПТО
116	1942-04-01	ВО	Московский ВО	645 ап ПТО
116	1942-04-01	ВО	Московский ВО	649 ап ПТО
116	1942-04-01	ВО	Московский ВО	685 ап ПТО
116	1942-04-01	ВО	Московский ВО	696 ап ПТО
116	1942-04-01	ВО	Московский ВО	712 ап ПТО
116	1942-04-01	ВО	Московский ВО	863 ап ПТО
116	1942-04-01	ВО	Московский ВО	1115 ап ПТО
116	1942-04-01	ВО	Московский ВО	33 гв. мп
116	1942-04-01	ВО	Московский ВО	34 гв. мп
116	1942-04-01	ВО	Московский ВО	35 гв. мп
116	1942-04-01	ВО	Московский ВО	39 гв. мп
116	1942-04-01	ВО	Московский ВО	41 гв. мп
116	1942-04-01	ВО	Московский ВО	42 гв. мп
116	1942-04-01	ВО	Московский ВО	43 гв. мп
116	1942-04-01	ВО	Московский ВО	44 гв. мп
116	1942-04-01	ВО	Московский ВО	45 гв. мп
116	1942-04-01	ВО	Московский ВО	46 гв. мп
116	1942-04-01	ВО	Московский ВО	48 гв. мп
116	1942-04-01	ВО	Московский ВО	49 гв. мп
116	1942-04-01	ВО	Московский ВО	50 гв. мп
116	1942-04-01	ВО	Московский ВО	51 гв. мп
116	1942-04-01	ВО	Московский ВО	52 гв. мп
116	1942-04-01	ВО	Московский ВО	53 гв. мп
116	1942-04-01	ВО	Московский ВО	54 гв. мп
116	1942-04-01	ВО	Московский ВО	55 гв. мп
116	1942-04-01	ВО	Московский ВО	103 минп
116	1942-04-01	ВО	Московский ВО	107 минп
116	1942-04-01	ВО	Московский ВО	108 минп
116	1942-04-01	ВО	Московский ВО	109 минп
116	1942-04-01	ВО	Московский ВО	110 минп
116	1942-04-01	ВО	Московский ВО	111 минп
116	1942-04-01	ВО	Московский ВО	124 минп
116	1942-04-01	ВО	Московский ВО	125 минп
116	1942-04-01	ВО	Московский ВО	126 минп
116	1942-04-01	ВО	Московский ВО	127 минп
116	1942-04-01	ВО	Московский ВО	131 минп
116	1942-04-01	ВО	Московский ВО	148 минп
116	1942-04-01	ВО	Московский ВО	1 гв.
116	1942-04-01	ВО	Московский ВО	21 тбр
116	1942-04-01	ВО	Московский ВО	23 тбр
116	1942-04-01	ВО	Московский ВО	24 тбр
116	1942-04-01	ВО	Московский ВО	25 тбр
116	1942-04-01	ВО	Московский ВО	26 тбр
116	1942-04-01	ВО	Московский ВО	27 тбр
116	1942-04-01	ВО	Московский ВО	31 тбр
116	1942-04-01	ВО	Московский ВО	33 тбр
116	1942-04-01	ВО	Московский ВО	36 тбр
116	1942-04-01	ВО	Московский ВО	37 тбр
116	1942-04-01	ВО	Московский ВО	38 тбр
116	1942-04-01	ВО	Московский ВО	41 тбр
116	1942-04-01	ВО	Московский ВО	53 тбр
116	1942-04-01	ВО	Московский ВО	58 тбр
116	1942-04-01	ВО	Московский ВО	59 тбр
116	1942-04-01	ВО	Московский ВО	60 тбр
116	1942-04-01	ВО	Московский ВО	62 тбр
116	1942-04-01	ВО	Московский ВО	64 тбр
116	1942-04-01	ВО	Московский ВО	70 тбр
116	1942-04-01	ВО	Московский ВО	87 тбр
116	1942-04-01	ВО	Московский ВО	91 тбр
116	1942-04-01	ВО	Московский ВО	92 тбр
116	1942-04-01	ВО	Московский ВО	95 тбр
116	1942-04-01	ВО	Московский ВО	100 тбр
116	1942-04-01	ВО	Московский ВО	101 тбр
116	1942-04-01	ВО	Московский ВО	113 тбр
116	1942-04-01	ВО	Московский ВО	114 тбр
116	1942-04-01	ВО	Московский ВО	148 тбр
116	1942-04-01	ВО	Московский ВО	161 тбр
116	1942-04-01	ВО	Московский ВО	163 тбр
116	1942-04-01	ВО	Московский ВО	170 тбр
116	1942-04-01	ВО	Московский ВО	177 тбр
116	1942-04-01	ВО	Московский ВО	178 тбр
116	1942-04-01	ВО	Московский ВО	179 тбр
116	1942-04-01	ВО	Московский ВО	183 тбр
116	1942-04-01	ВО	Московский ВО	184 тбр
116	1942-04-01	ВО	Московский ВО	185 тбр
116	1942-04-01	ВО	Московский ВО	186 тбр
116	1942-04-01	ВО	Московский ВО	187 тбр
116	1942-04-01	ВО	Московский ВО	192 тбр
116	1942-04-01	ВО	Московский ВО	195 тбр
116	1942-04-01	ВО	Московский ВО	198 тбр
116	1942-04-01	ВО	Московский ВО	199 тбр
116	1942-04-01	ВО	Московский ВО	200 тбр
116	1942-04-01	ВО	Московский ВО	201 тбр
116	1942-04-01	ВО	Московский ВО	202 тбр
116	1942-04-01	ВО	Московский ВО	149 отб
116	1942-04-01	ВО	Московский ВО	180 отб
116	1942-04-01	ВО	Московский ВО	181 отб
116	1942-04-01	ВО	Московский ВО	184 отб
116	1942-04-01	ВО	Московский ВО	186 отб
116	1942-04-01	ВО	Московский ВО	187 отб
116	1942-04-01	ВО	Московский ВО	388 отб
116	1942-04-01	ВО	Московский ВО	11 мцп
116	1942-04-01	ВО	Московский ВО	12 одн бронепоездов
116	1942-04-01	ВО	Московский ВО	32 одн бронепоездов
116	1942-04-01	ВО	Московский ВО	36 одн бронепоездов
116	1942-04-01	ВО	Московский ВО	38 одн бронепоездов
116	1942-04-01	ВО	Московский ВО	41 одн бронепоездов
116	1942-04-01	ВО	Московский ВО	42 одн бронепоездов
116	1942-04-01	ВО	Московский ВО	46 одн бронепоездов
116	1942-04-01	ВО	Московский ВО	47 одн бронепоездов
116	1942-04-01	ВО	Московский ВО	48 одн бронепоездов
116	1942-04-01	ВО	Московский ВО	51 одн бронепоездов
116	1942-04-01	ВО	Московский ВО	53 одн бронепоездов
116	1942-04-01	ВО	Московский ВО	54 одн бронепоездов
116	1942-04-01	ВО	Московский ВО	374 отб
116	1942-04-01	ВО	Московский ВО	375 отб
116	1942-04-01	ВО	Московский ВО	376 отб
116	1942-04-01	ВО	Московский ВО	377 отб
116	1942-04-01	ВО	Московский ВО	33 оаэсб
116	1942-04-01	ВО	Московский ВО	1 тк
116	1942-04-01	ВО	Московский ВО	2 тк
116	1942-04-01	ВО	Московский ВО	3 тк
116	1942-04-01	ВО	Московский ВО	4 тк
116	1942-04-01	ВО	Московский ВО	15 иап
116	1942-04-01	ВО	Московский ВО	46 иап
116	1942-04-01	ВО	Московский ВО	49 иап
116	1942-04-01	ВО	Московский ВО	153 иап
116	1942-04-01	ВО	Московский ВО	156 иап
116	1942-04-01	ВО	Московский ВО	169 иап
116	1942-04-01	ВО	Московский ВО	192 иап
116	1942-04-01	ВО	Московский ВО	254 иап
116	1942-04-01	ВО	Московский ВО	255 иап
116	1942-04-01	ВО	Московский ВО	292 иап
116	1942-04-01	ВО	Московский ВО	297 иап
116	1942-04-01	ВО	Московский ВО	436 иап
116	1942-04-01	ВО	Московский ВО	440 иап
116	1942-04-01	ВО	Московский ВО	508 иап
116	1942-04-01	ВО	Московский ВО	509 иап
116	1942-04-01	ВО	Московский ВО	523 иап
116	1942-04-01	ВО	Московский ВО	737 иап
116	1942-04-01	ВО	Московский ВО	132 бап
116	1942-04-01	ВО	Московский ВО	138 бап
116	1942-04-01	ВО	Московский ВО	150 бап
116	1942-04-01	ВО	Московский ВО	261 бап
116	1942-04-01	ВО	Московский ВО	275 бап
116	1942-04-01	ВО	Московский ВО	279 бап
116	1942-04-01	ВО	Московский ВО	671 лбап
116	1942-04-01	ВО	Московский ВО	702 лбап
116	1942-04-01	ВО	Московский ВО	714 лбап
116	1942-04-01	ВО	Московский ВО	715 лбап
116	1942-04-01	ВО	Московский ВО	33 лбаэ
116	1942-04-01	ВО	Московский ВО	65 лбаэ
116	1942-04-01	ВО	Московский ВО	8 сбр
116	1942-04-01	ВО	Московский ВО	1736 осб
116	1942-04-01	ВО	Московский ВО	1741 осб
116	1942-04-01	ВО	Московский ВО	1758 осб
117	1942-04-01	ВО	Архангельский ВО
117	1942-04-01	ВО	Архангельский ВО	14 кк
117	1942-04-01	ВО	Архангельский ВО	76 кд
117	1942-04-01	ВО	Архангельский ВО	77 кд
117	1942-04-01	ВО	Архангельский ВО	78 кд
117	1942-04-01	ВО	Архангельский ВО	94 кд
117	1942-04-01	ВО	Архангельский ВО	310 пап
117	1942-04-01	ВО	Архангельский ВО	875 гап
117	1942-04-01	ВО	Архангельский ВО	876 гап
117	1942-04-01	ВО	Архангельский ВО	147 минп
117	1942-04-01	ВО	Архангельский ВО	6 обатр о/м
117	1942-04-01	ВО	Архангельский ВО	103 тбр
117	1942-04-01	ВО	Архангельский ВО	104 тбр
117	1942-04-01	ВО	Архангельский ВО	168 тбр
117	1942-04-01	ВО	Архангельский ВО	456 дбап
118	1942-04-01	ВО	Приволжский ВО
118	1942-04-01	ВО	Приволжский ВО	1 сд
118	1942-04-01	ВО	Приволжский ВО	127 сд
118	1942-04-01	ВО	Приволжский ВО	153 сд
118	1942-04-01	ВО	Приволжский ВО	161 сд
118	1942-04-01	ВО	Приволжский ВО	119 сбр
118	1942-04-01	ВО	Приволжский ВО	120 сбр
118	1942-04-01	ВО	Приволжский ВО	122 сбр
118	1942-04-01	ВО	Приволжский ВО	134 сбр
118	1942-04-01	ВО	Приволжский ВО	173 сбр
118	1942-04-01	ВО	Приволжский ВО	174 сбр
118	1942-04-01	ВО	Приволжский ВО	175 сбр
118	1942-04-01	ВО	Приволжский ВО	176 сбр
118	1942-04-01	ВО	Приволжский ВО	177 сбр
118	1942-04-01	ВО	Приволжский ВО	178 сбр
118	1942-04-01	ВО	Приволжский ВО	179 сбр
118	1942-04-01	ВО	Приволжский ВО	180 сбр
118	1942-04-01	ВО	Приволжский ВО	181 сбр
118	1942-04-01	ВО	Приволжский ВО	182 сбр
118	1942-04-01	ВО	Приволжский ВО	5 гап
118	1942-04-01	ВО	Приволжский ВО	399 гап
118	1942-04-01	ВО	Приволжский ВО	522 гап
118	1942-04-01	ВО	Приволжский ВО	1024 гап
118	1942-04-01	ВО	Приволжский ВО	1025 гап
118	1942-04-01	ВО	Приволжский ВО	1100 пап
118	1942-04-01	ВО	Приволжский ВО	1101 пап
118	1942-04-01	ВО	Приволжский ВО	1102 пап
118	1942-04-01	ВО	Приволжский ВО	1103 пап
118	1942-04-01	ВО	Приволжский ВО	699 ап ПТО
118	1942-04-01	ВО	Приволжский ВО	758 ап ПТО
118	1942-04-01	ВО	Приволжский ВО	112 минп
118	1942-04-01	ВО	Приволжский ВО	113 минп
118	1942-04-01	ВО	Приволжский ВО	114 минп
118	1942-04-01	ВО	Приволжский ВО	128 минп
118	1942-04-01	ВО	Приволжский ВО	143 минп
118	1942-04-01	ВО	Приволжский ВО	50 тбр
118	1942-04-01	ВО	Приволжский ВО	51 тбр
118	1942-04-01	ВО	Приволжский ВО	107 тбр
118	1942-04-01	ВО	Приволжский ВО	109 тбр
118	1942-04-01	ВО	Приволжский ВО	110 тбр
118	1942-04-01	ВО	Приволжский ВО	111 тбр
118	1942-04-01	ВО	Приволжский ВО	115 тбр
118	1942-04-01	ВО	Приволжский ВО	116 тбр
118	1942-04-01	ВО	Приволжский ВО	120 тбр
118	1942-04-01	ВО	Приволжский ВО	134 тбр
118	1942-04-01	ВО	Приволжский ВО	135 тбр
118	1942-04-01	ВО	Приволжский ВО	153 тбр
118	1942-04-01	ВО	Приволжский ВО	154 тбр
118	1942-04-01	ВО	Приволжский ВО	155 тбр
118	1942-04-01	ВО	Приволжский ВО	164 тбр
118	1942-04-01	ВО	Приволжский ВО	169 тбр
118	1942-04-01	ВО	Приволжский ВО	175 тбр
118	1942-04-01	ВО	Приволжский ВО	176 тбр
118	1942-04-01	ВО	Приволжский ВО	189 тбр
118	1942-04-01	ВО	Приволжский ВО	193 тбр
118	1942-04-01	ВО	Приволжский ВО	34 одн бронепоездов
118	1942-04-01	ВО	Приволжский ВО	35 одн бронепоездов
118	1942-04-01	ВО	Приволжский ВО	12 иап
118	1942-04-01	ВО	Приволжский ВО	31 иап
118	1942-04-01	ВО	Приволжский ВО	32 иап
118	1942-04-01	ВО	Приволжский ВО	166 иап
118	1942-04-01	ВО	Приволжский ВО	180 иап
118	1942-04-01	ВО	Приволжский ВО	183 иап
118	1942-04-01	ВО	Приволжский ВО	237 иап
118	1942-04-01	ВО	Приволжский ВО	252 иап
118	1942-04-01	ВО	Приволжский ВО	427 иап
118	1942-04-01	ВО	Приволжский ВО	429 иап
118	1942-04-01	ВО	Приволжский ВО	434 иап
118	1942-04-01	ВО	Приволжский ВО	513 иап
118	1942-04-01	ВО	Приволжский ВО	515 иап
118	1942-04-01	ВО	Приволжский ВО	518 иап
118	1942-04-01	ВО	Приволжский ВО	563 иап
118	1942-04-01	ВО	Приволжский ВО	581 иап
118	1942-04-01	ВО	Приволжский ВО	605 иап
118	1942-04-01	ВО	Приволжский ВО	739 иап
118	1942-04-01	ВО	Приволжский ВО	754 иап
118	1942-04-01	ВО	Приволжский ВО	770 иап
118	1942-04-01	ВО	Приволжский ВО	66 шап
118	1942-04-01	ВО	Приволжский ВО	103 шап
118	1942-04-01	ВО	Приволжский ВО	208 шап
118	1942-04-01	ВО	Приволжский ВО	217 шап
118	1942-04-01	ВО	Приволжский ВО	218 шап
118	1942-04-01	ВО	Приволжский ВО	225 шап
118	1942-04-01	ВО	Приволжский ВО	235 шап
118	1942-04-01	ВО	Приволжский ВО	237 шап
118	1942-04-01	ВО	Приволжский ВО	242 шап
118	1942-04-01	ВО	Приволжский ВО	243 шап
118	1942-04-01	ВО	Приволжский ВО	289 шап
118	1942-04-01	ВО	Приволжский ВО	448 шап
118	1942-04-01	ВО	Приволжский ВО	451 шап
118	1942-04-01	ВО	Приволжский ВО	503 шап
118	1942-04-01	ВО	Приволжский ВО	504 шап
118	1942-04-01	ВО	Приволжский ВО	525 шап
118	1942-04-01	ВО	Приволжский ВО	570 шап
118	1942-04-01	ВО	Приволжский ВО	594 шап
118	1942-04-01	ВО	Приволжский ВО	606 шап
118	1942-04-01	ВО	Приволжский ВО	775 шап
118	1942-04-01	ВО	Приволжский ВО	784 шап
118	1942-04-01	ВО	Приволжский ВО	800 шап
118	1942-04-01	ВО	Приволжский ВО	801 шап
118	1942-04-01	ВО	Приволжский ВО	805 шап
118	1942-04-01	ВО	Приволжский ВО	808 шап
118	1942-04-01	ВО	Приволжский ВО	809 шап
118	1942-04-01	ВО	Приволжский ВО	810 шап
118	1942-04-01	ВО	Приволжский ВО	820 шап
118	1942-04-01	ВО	Приволжский ВО	16 бап
118	1942-04-01	ВО	Приволжский ВО	32 бап
118	1942-04-01	ВО	Приволжский ВО	37 бап
118	1942-04-01	ВО	Приволжский ВО	39 бап
118	1942-04-01	ВО	Приволжский ВО	48 бап
118	1942-04-01	ВО	Приволжский ВО	52 бап
118	1942-04-01	ВО	Приволжский ВО	63 бап
118	1942-04-01	ВО	Приволжский ВО	134 бап
118	1942-04-01	ВО	Приволжский ВО	140 бап
118	1942-04-01	ВО	Приволжский ВО	205 бап
118	1942-04-01	ВО	Приволжский ВО	244 бап
118	1942-04-01	ВО	Приволжский ВО	260 бап
118	1942-04-01	ВО	Приволжский ВО	321 бап
118	1942-04-01	ВО	Приволжский ВО	452 бап
118	1942-04-01	ВО	Приволжский ВО	507 бап
118	1942-04-01	ВО	Приволжский ВО	527 бап
118	1942-04-01	ВО	Приволжский ВО	587 бап
118	1942-04-01	ВО	Приволжский ВО	778 бап
118	1942-04-01	ВО	Приволжский ВО	826 бап
118	1942-04-01	ВО	Приволжский ВО	506 
118	1942-04-01	ВО	Приволжский ВО	507 
118	1942-04-01	ВО	Приволжский ВО	586 
118	1942-04-01	ВО	Приволжский ВО	588 
118	1942-04-01	ВО	Приволжский ВО	593 
118	1942-04-01	ВО	Приволжский ВО	600 
118	1942-04-01	ВО	Приволжский ВО	602 
118	1942-04-01	ВО	Приволжский ВО	621 
118	1942-04-01	ВО	Приволжский ВО	625 лбап
118	1942-04-01	ВО	Приволжский ВО	632 лбап
118	1942-04-01	ВО	Приволжский ВО	648 лбап
118	1942-04-01	ВО	Приволжский ВО	683 лбап
118	1942-04-01	ВО	Приволжский ВО	724 лбап
118	1942-04-01	ВО	Приволжский ВО	765 лбап
118	1942-04-01	ВО	Приволжский ВО	766 лбап
118	1942-04-01	ВО	Приволжский ВО	10 сбр
118	1942-04-01	ВО	Приволжский ВО	11 сбр
118	1942-04-01	ВО	Приволжский ВО	1428 осб
118	1942-04-01	ВО	Приволжский ВО	1444 осб
119	1942-04-01	ВО	Сталинградский ВО
119	1942-04-01	ВО	Сталинградский ВО	181 сд
119	1942-04-01	ВО	Сталинградский ВО	184 сд
119	1942-04-01	ВО	Сталинградский ВО	192 сд
119	1942-04-01	ВО	Сталинградский ВО	278 сд
119	1942-04-01	ВО	Сталинградский ВО	141 сбр
119	1942-04-01	ВО	Сталинградский ВО	142 морские сбр
119	1942-04-01	ВО	Сталинградский ВО	110 кд
119	1942-04-01	ВО	Сталинградский ВО	331 гап
119	1942-04-01	ВО	Сталинградский ВО	1105 пап
119	1942-04-01	ВО	Сталинградский ВО	116 минп
119	1942-04-01	ВО	Сталинградский ВО	139 минп
119	1942-04-01	ВО	Сталинградский ВО	140 минп
119	1942-04-01	ВО	Сталинградский ВО	141 минп
119	1942-04-01	ВО	Сталинградский ВО	142 минп
119	1942-04-01	ВО	Сталинградский ВО	6 тбр
119	1942-04-01	ВО	Сталинградский ВО	45 тбр
119	1942-04-01	ВО	Сталинградский ВО	47 тбр
119	1942-04-01	ВО	Сталинградский ВО	48 тбр
119	1942-04-01	ВО	Сталинградский ВО	49 тбр
119	1942-04-01	ВО	Сталинградский ВО	65 тбр
119	1942-04-01	ВО	Сталинградский ВО	66 тбр
119	1942-04-01	ВО	Сталинградский ВО	67 тбр
119	1942-04-01	ВО	Сталинградский ВО	84 тбр
119	1942-04-01	ВО	Сталинградский ВО	85 тбр
119	1942-04-01	ВО	Сталинградский ВО	88 тбр
119	1942-04-01	ВО	Сталинградский ВО	89 тбр
119	1942-04-01	ВО	Сталинградский ВО	90 тбр
119	1942-04-01	ВО	Сталинградский ВО	93 тбр
119	1942-04-01	ВО	Сталинградский ВО	102 тбр
119	1942-04-01	ВО	Сталинградский ВО	173 тбр
119	1942-04-01	ВО	Сталинградский ВО	174 тбр
119	1942-04-01	ВО	Сталинградский ВО	180 тбр
119	1942-04-01	ВО	Сталинградский ВО	181 тбр
119	1942-04-01	ВО	Сталинградский ВО	182 тбр
119	1942-04-01	ВО	Сталинградский ВО	191 тбр
119	1942-04-01	ВО	Сталинградский ВО	57 одн бронепоездов
119	1942-04-01	ВО	Сталинградский ВО	86 бап
119	1942-04-01	ВО	Сталинградский ВО	224 бап
119	1942-04-01	ВО	Сталинградский ВО	803 бап
119	1942-04-01	ВО	Сталинградский ВО	853 бап
119	1942-04-01	ВО	Сталинградский ВО	854 бап
119	1942-04-01	ВО	Сталинградский ВО	855 бап
120	1942-04-01	ВО	Северо-Кавказский ВО
120	1942-04-01	ВО	Северо-Кавказский ВО	17 кк
120	1942-04-01	ВО	Северо-Кавказский ВО	10 кд
120	1942-04-01	ВО	Северо-Кавказский ВО	12 кд
120	1942-04-01	ВО	Северо-Кавказский ВО	13 кд
120	1942-04-01	ВО	Северо-Кавказский ВО	2 вдк 
120	1942-04-01	ВО	Северо-Кавказский ВО	2 вдбр
120	1942-04-01	ВО	Северо-Кавказский ВО	3 вдбр
120	1942-04-01	ВО	Северо-Кавказский ВО	4 вдбр
120	1942-04-01	ВО	Северо-Кавказский ВО	3 вдк 
120	1942-04-01	ВО	Северо-Кавказский ВО	5 вдбр
120	1942-04-01	ВО	Северо-Кавказский ВО	6 вдбр
120	1942-04-01	ВО	Северо-Кавказский ВО	212 вдбр
120	1942-04-01	ВО	Северо-Кавказский ВО	468 ап ПТО
120	1942-04-01	ВО	Северо-Кавказский ВО	507 ап ПТО
120	1942-04-01	ВО	Северо-Кавказский ВО	529 ап ПТО
120	1942-04-01	ВО	Северо-Кавказский ВО	538 ап ПТО
120	1942-04-01	ВО	Северо-Кавказский ВО	543 ап ПТО
120	1942-04-01	ВО	Северо-Кавказский ВО	546 ап ПТО
120	1942-04-01	ВО	Северо-Кавказский ВО	612 ап ПТО
120	1942-04-01	ВО	Северо-Кавказский ВО	697 ап ПТО
120	1942-04-01	ВО	Северо-Кавказский ВО	872 ап ПТО
120	1942-04-01	ВО	Северо-Кавказский ВО	874 ап ПТО
120	1942-04-01	ВО	Северо-Кавказский ВО	132 минп
120	1942-04-01	ВО	Северо-Кавказский ВО	133 минп
120	1942-04-01	ВО	Северо-Кавказский ВО	149 минп
120	1942-04-01	ВО	Северо-Кавказский ВО	315 оадн о/м
120	1942-04-01	ВО	Северо-Кавказский ВО	316 оадн о/м
120	1942-04-01	ВО	Северо-Кавказский ВО	136 тбр
120	1942-04-01	ВО	Северо-Кавказский ВО	137 тбр
120	1942-04-01	ВО	Северо-Кавказский ВО	138 тбр
120	1942-04-01	ВО	Северо-Кавказский ВО	139 тбр
120	1942-04-01	ВО	Северо-Кавказский ВО	140 тбр
120	1942-04-01	ВО	Северо-Кавказский ВО	14 отд. бронепоезд
120	1942-04-01	ВО	Северо-Кавказский ВО	6 бап
120	1942-04-01	ВО	Северо-Кавказский ВО	201 бап
120	1942-04-01	ВО	Северо-Кавказский ВО	202 бап
120	1942-04-01	ВО	Северо-Кавказский ВО	213 бап
120	1942-04-01	ВО	Северо-Кавказский ВО	277 бап
120	1942-04-01	ВО	Северо-Кавказский ВО	449 бап
120	1942-04-01	ВО	Северо-Кавказский ВО	779 бап
120	1942-04-01	ВО	Северо-Кавказский ВО	780 бап
121	1942-04-01	ВО	ЗакВО
121	1942-04-01	ВО	ЗакВО	45 армия
121	1942-04-01	ВО	ЗакВО	45 армия	61 сд
121	1942-04-01	ВО	ЗакВО	45 армия	151 сд
121	1942-04-01	ВО	ЗакВО	45 армия	408 сд
121	1942-04-01	ВО	ЗакВО	45 армия	409 сд
121	1942-04-01	ВО	ЗакВО	45 армия	337 пап
121	1942-04-01	ВО	ЗакВО	45 армия	10 осб
122	1942-04-01	ВО	46 армия
122	1942-04-01	ВО	46 армия	9 гсд
122	1942-04-01	ВО	46 армия	20 гсд
122	1942-04-01	ВО	46 армия	394 сд
122	1942-04-01	ВО	46 армия	406 сд
122	1942-04-01	ВО	46 армия	647 гап
122	1942-04-01	ВО	46 армия	55 отд. бронепоезд
122	1942-04-01	ВО	46 армия	51 оиб
123	1942-04-01	ВО	Войска в Иране
123	1942-04-01	ВО	Войска в Иране	15 кк
123	1942-04-01	ВО	Войска в Иране	1 кд
123	1942-04-01	ВО	Войска в Иране	23 кд
123	1942-04-01	ВО	Войска в Иране	166 минп
124	1942-04-01	ВО	89 сд
124	1942-04-01	ВО	91 сд
124	1942-04-01	ВО	223 сд
124	1942-04-01	ВО	414 сд
124	1942-04-01	ВО	416 сд
124	1942-04-01	ВО	417 сд
124	1942-04-01	ВО	136 гап б/м
124	1942-04-01	ВО	350 гап б/м
124	1942-04-01	ВО	1023 гап б/м
124	1942-04-01	ВО	52 тбр
124	1942-04-01	ВО	84 иап
124	1942-04-01	ВО	9 гв.
124	1942-04-01	ВО	240 иап
124	1942-04-01	ВО	274 иап
124	1942-04-01	ВО	790 иап
124	1942-04-01	ВО	791 иап
124	1942-04-01	ВО	792 иап
124	1942-04-01	ВО	821 иап
124	1942-04-01	ВО	822 иап
124	1942-04-01	ВО	824 иап
124	1942-04-01	ВО	794 ббап
124	1942-04-01	ВО	321 осб
125	1942-04-01	ВО	Уральский ВО
125	1942-04-01	ВО	Уральский ВО	7 сд
125	1942-04-01	ВО	Уральский ВО	159 сд
125	1942-04-01	ВО	Уральский ВО	164 сд
125	1942-04-01	ВО	Уральский ВО	165 сд
125	1942-04-01	ВО	Уральский ВО	167 сд
125	1942-04-01	ВО	Уральский ВО	171 сд
125	1942-04-01	ВО	Уральский ВО	221 сд
125	1942-04-01	ВО	Уральский ВО	231 сд
125	1942-04-01	ВО	Уральский ВО	233 сд
125	1942-04-01	ВО	Уральский ВО	249 сд
125	1942-04-01	ВО	Уральский ВО	264 сд
125	1942-04-01	ВО	Уральский ВО	126 сбр
125	1942-04-01	ВО	Уральский ВО	127 сбр
125	1942-04-01	ВО	Уральский ВО	128 сбр
125	1942-04-01	ВО	Уральский ВО	129 сбр
125	1942-04-01	ВО	Уральский ВО	133 сбр
125	1942-04-01	ВО	Уральский ВО	151 сбр
125	1942-04-01	ВО	Уральский ВО	135 гап
125	1942-04-01	ВО	Уральский ВО	1106 пап
125	1942-04-01	ВО	Уральский ВО	1107 пап
125	1942-04-01	ВО	Уральский ВО	1108 пап
125	1942-04-01	ВО	Уральский ВО	1109 пап
125	1942-04-01	ВО	Уральский ВО	135 минп
125	1942-04-01	ВО	Уральский ВО	136 минп
125	1942-04-01	ВО	Уральский ВО	137 минп
125	1942-04-01	ВО	Уральский ВО	138 минп
125	1942-04-01	ВО	Уральский ВО	328 оадн о/м
125	1942-04-01	ВО	Уральский ВО	329 оадн о/м
125	1942-04-01	ВО	Уральский ВО	330 оадн о/м
125	1942-04-01	ВО	Уральский ВО	331 оадн о/м
125	1942-04-01	ВО	Уральский ВО	86 тбр
125	1942-04-01	ВО	Уральский ВО	96 тбр
125	1942-04-01	ВО	Уральский ВО	97 тбр
125	1942-04-01	ВО	Уральский ВО	99 тбр
125	1942-04-01	ВО	Уральский ВО	105 тбр
125	1942-04-01	ВО	Уральский ВО	106 тбр
125	1942-04-01	ВО	Уральский ВО	117 тбр
125	1942-04-01	ВО	Уральский ВО	118 тбр
125	1942-04-01	ВО	Уральский ВО	119 тбр
125	1942-04-01	ВО	Уральский ВО	166 тбр
125	1942-04-01	ВО	Уральский ВО	37 одн бронепоездов
125	1942-04-01	ВО	Уральский ВО	44 одн бронепоездов
125	1942-04-01	ВО	Уральский ВО	569 шап
126	1942-04-01	ВО	Южно-Уральский ВО
126	1942-04-01	ВО	Южно-Уральский ВО	193 сд
126	1942-04-01	ВО	Южно-Уральский ВО	195 сд
126	1942-04-01	ВО	Южно-Уральский ВО	196 сд
126	1942-04-01	ВО	Южно-Уральский ВО	206 сд
126	1942-04-01	ВО	Южно-Уральский ВО	214 сд
126	1942-04-01	ВО	Южно-Уральский ВО	219 сд
126	1942-04-01	ВО	Южно-Уральский ВО	124 сбр
126	1942-04-01	ВО	Южно-Уральский ВО	152 сбр
126	1942-04-01	ВО	Южно-Уральский ВО	322 оадн о/м
126	1942-04-01	ВО	Южно-Уральский ВО	328 оадн о/м
126	1942-04-01	ВО	Южно-Уральский ВО	329 оадн о/м
126	1942-04-01	ВО	Южно-Уральский ВО	330 оадн о/м
126	1942-04-01	ВО	Южно-Уральский ВО	331 оадн о/м
126	1942-04-01	ВО	Южно-Уральский ВО	1096 пап
126	1942-04-01	ВО	Южно-Уральский ВО	1097 пап
126	1942-04-01	ВО	Южно-Уральский ВО	1098 пап
126	1942-04-01	ВО	Южно-Уральский ВО	611 ап ПТО
126	1942-04-01	ВО	Южно-Уральский ВО	117 минп
126	1942-04-01	ВО	Южно-Уральский ВО	118 минп
126	1942-04-01	ВО	Южно-Уральский ВО	120 минп
126	1942-04-01	ВО	Южно-Уральский ВО	121 минп
126	1942-04-01	ВО	Южно-Уральский ВО	122 минп
126	1942-04-01	ВО	Южно-Уральский ВО	129 минп
126	1942-04-01	ВО	Южно-Уральский ВО	134 минп
126	1942-04-01	ВО	Южно-Уральский ВО	144 минп
126	1942-04-01	ВО	Южно-Уральский ВО	145 минп
126	1942-04-01	ВО	Южно-Уральский ВО	146 минп
126	1942-04-01	ВО	Южно-Уральский ВО	25 одн бронепоездов
126	1942-04-01	ВО	Южно-Уральский ВО	28 одн бронепоездов
126	1942-04-01	ВО	Южно-Уральский ВО	39 одн бронепоездов
126	1942-04-01	ВО	Южно-Уральский ВО	45 бап
126	1942-04-01	ВО	Южно-Уральский ВО	284 бап
126	1942-04-01	ВО	Южно-Уральский ВО	649 лбап
127	1942-04-01	ВО	Сибирский ВО
127	1942-04-01	ВО	Сибирский ВО	112 сд
127	1942-04-01	ВО	Сибирский ВО	228 сд
127	1942-04-01	ВО	Сибирский ВО	229 сд
127	1942-04-01	ВО	Сибирский ВО	232 сд
127	1942-04-01	ВО	Сибирский ВО	237 сд
127	1942-04-01	ВО	Сибирский ВО	303 сд
127	1942-04-01	ВО	Сибирский ВО	308 сд
127	1942-04-01	ВО	Сибирский ВО	309 сд
127	1942-04-01	ВО	Сибирский ВО	312 сд
127	1942-04-01	ВО	Сибирский ВО	315 сд
127	1942-04-01	ВО	Сибирский ВО	149 сбр
127	1942-04-01	ВО	Сибирский ВО	130 минп
127	1942-04-01	ВО	Сибирский ВО	27 одн бронепоездов
127	1942-04-01	ВО	Сибирский ВО	29 одн бронепоездов
127	1942-04-01	ВО	Сибирский ВО	40 одн бронепоездов
127	1942-04-01	ВО	Сибирский ВО	49 одн бронепоездов
127	1942-04-01	ВО	Сибирский ВО	18 гв.
127	1942-04-01	ВО	Сибирский ВО	845 иап
128	1942-04-01	ВО	Средне-Азиатский ВО
128	1942-04-01	ВО	Средне-Азиатский ВО	4 кк
128	1942-04-01	ВО	Средне-Азиатский ВО	61 кд
128	1942-04-01	ВО	Средне-Азиатский ВО	63 кд
128	1942-04-01	ВО	Средне-Азиатский ВО	81 кд
128	1942-04-01	ВО	Средне-Азиатский ВО	97 кд
128	1942-04-01	ВО	Средне-Азиатский ВО	99 кд
128	1942-04-01	ВО	Средне-Азиатский ВО	100 кд
128	1942-04-01	ВО	Средне-Азиатский ВО	101 кд
128	1942-04-01	ВО	Средне-Азиатский ВО	102 кд
128	1942-04-01	ВО	Средне-Азиатский ВО	104 кд
128	1942-04-01	ВО	Средне-Азиатский ВО	105 кд
128	1942-04-01	ВО	Средне-Азиатский ВО	106 кд
128	1942-04-01	ВО	Средне-Азиатский ВО	107 кд
128	1942-04-01	ВО	Средне-Азиатский ВО	109 кд
128	1942-04-01	ВО	Средне-Азиатский ВО	9 оминб
128	1942-04-01	ВО	Средне-Азиатский ВО	136 сад
128	1942-04-01	ВО	Средне-Азиатский ВО	204 каэ
128	1942-04-01	ВО	Средне-Азиатский ВО	125 оиб
128	1942-04-01	ВО	Средне-Азиатский ВО	126 оиб
129	1942-04-01	ВО	Войска в Иране	58 cк
129	1942-04-01	ВО	Войска в Иране	68 гсд
129	1942-04-01	ВО	Войска в Иране	83 гсд
129	1942-04-01	ВО	Войска в Иране	72 огсп
129	1942-04-01	ВО	Войска в Иране	123 ап
129	1942-04-01	ВО	Войска в Иране	450 ап
129	1942-04-01	ВО	Войска в Иране	167 иап
129	1942-04-01	ВО	Войска в Иране	58 каэ
130	1942-04-01	НДФ
130	1942-04-01	НДФ	ЗабФ
130	1942-04-01	НДФ	ЗабФ	17 армия
130	1942-04-01	НДФ	ЗабФ	17 армия	36 мсд
130	1942-04-01	НДФ	ЗабФ	17 армия	57 мсд
130	1942-04-01	НДФ	ЗабФ	17 армия	3 мсп
130	1942-04-01	НДФ	ЗабФ	17 армия	185 ап
130	1942-04-01	НДФ	ЗабФ	17 армия	63 озадн
130	1942-04-01	НДФ	ЗабФ	17 армия	66 озадн
130	1942-04-01	НДФ	ЗабФ	17 армия	376 озадн
130	1942-04-01	НДФ	ЗабФ	17 армия	382 озадн
130	1942-04-01	НДФ	ЗабФ	17 армия	61 тд
130	1942-04-01	НДФ	ЗабФ	17 армия	30 мцп
130	1942-04-01	НДФ	ЗабФ	17 армия	82 отб
130	1942-04-01	НДФ	ЗабФ	17 армия	22 иап
130	1942-04-01	НДФ	ЗабФ	17 армия	56 иап
130	1942-04-01	НДФ	ЗабФ	17 армия	350 иап
130	1942-04-01	НДФ	ЗабФ	17 армия	454 ббап
130	1942-04-01	НДФ	ЗабФ	17 армия	132 раэ
130	1942-04-01	НДФ	ЗабФ	17 армия	282 оиб
130	1942-04-01	НДФ	ЗабФ	17 армия	84 пмб
131	1942-04-01	НДФ	36 армия
131	1942-04-01	НДФ	36 армия	94 сд
131	1942-04-01	НДФ	36 армия	209 сд
131	1942-04-01	НДФ	36 армия	210 сд
131	1942-04-01	НДФ	36 армия	31 УР
131	1942-04-01	НДФ	36 армия	32 УР
131	1942-04-01	НДФ	36 армия	259 гап
131	1942-04-01	НДФ	36 армия	390 ап
131	1942-04-01	НДФ	36 армия	120 озадн
131	1942-04-01	НДФ	36 армия	401 озадн
131	1942-04-01	НДФ	36 армия	405 озадн
131	1942-04-01	НДФ	36 армия	414 озадн
131	1942-04-01	НДФ	36 армия	111 тд
131	1942-04-01	НДФ	36 армия	35 отб
131	1942-04-01	НДФ	36 армия	65 отд. бронепоезда
131	1942-04-01	НДФ	36 армия	64 шап
131	1942-04-01	НДФ	36 армия	351 иап
131	1942-04-01	НДФ	36 армия	718 иап
131	1942-04-01	НДФ	36 армия	541 ббап
131	1942-04-01	НДФ	36 армия	39 осб
132	1942-04-01	НДФ	321 сд
132	1942-04-01	НДФ	399 сд
132	1942-04-01	НДФ	227 сбр
132	1942-04-01	НДФ	229 сбр
132	1942-04-01	НДФ	106 гап б/м
132	1942-04-01	НДФ	13 оминб
132	1942-04-01	НДФ	30 бад
132	1942-04-01	НДФ	49 ббап
132	1942-04-01	НДФ	456 ббап
132	1942-04-01	НДФ	457 ббап
132	1942-04-01	НДФ	847 лбап
132	1942-04-01	НДФ	848 лбап
132	1942-04-01	НДФ	849 лбап
132	1942-04-01	НДФ	133 раэ
132	1942-04-01	НДФ	134 раэ
132	1942-04-01	НДФ	51 оиб
132	1942-04-01	НДФ	102 оиб
132	1942-04-01	НДФ	15 пмб
133	1942-04-01	НДФ	ДВФ
133	1942-04-01	НДФ	ДВФ	1 армия
133	1942-04-01	НДФ	ДВФ	1 армия	26 ск
133	1942-04-01	НДФ	ДВФ	1 армия	22 Гродековская сд
133	1942-04-01	НДФ	ДВФ	1 армия	59 Гродековская сд
133	1942-04-01	НДФ	ДВФ	1 армия	59 ск 
133	1942-04-01	НДФ	ДВФ	1 армия	39 сд
133	1942-04-01	НДФ	ДВФ	1 армия	98 сд
133	1942-04-01	НДФ	ДВФ	1 армия	8 кд
133	1942-04-01	НДФ	ДВФ	1 армия	105 УР
133	1942-04-01	НДФ	ДВФ	1 армия	112 УР
133	1942-04-01	НДФ	ДВФ	1 армия	45 гап
133	1942-04-01	НДФ	ДВФ	1 армия	87 гап
133	1942-04-01	НДФ	ДВФ	1 армия	165 гап
133	1942-04-01	НДФ	ДВФ	1 армия	182 гап
133	1942-04-01	НДФ	ДВФ	1 армия	50 ап
133	1942-04-01	НДФ	ДВФ	1 армия	273 ап
133	1942-04-01	НДФ	ДВФ	1 армия	43 озадн
133	1942-04-01	НДФ	ДВФ	1 армия	44 озадн
133	1942-04-01	НДФ	ДВФ	1 армия	45 озадн
133	1942-04-01	НДФ	ДВФ	1 армия	103 озадн
133	1942-04-01	НДФ	ДВФ	1 армия	2 тд
133	1942-04-01	НДФ	ДВФ	1 армия	77 тбр
133	1942-04-01	НДФ	ДВФ	1 армия	3 одн бронепоездов
133	1942-04-01	НДФ	ДВФ	1 армия	32 сад
133	1942-04-01	НДФ	ДВФ	1 армия	33 сад
133	1942-04-01	НДФ	ДВФ	1 армия	34 сад
133	1942-04-01	НДФ	ДВФ	1 армия	78 шап
133	1942-04-01	НДФ	ДВФ	1 армия	536 шап
133	1942-04-01	НДФ	ДВФ	1 армия	26 каэ
133	1942-04-01	НДФ	ДВФ	1 армия	59 каэ
133	1942-04-01	НДФ	ДВФ	1 армия	29 оиб
133	1942-04-01	НДФ	ДВФ	1 армия	278 оиб
134	1942-04-01	НДФ	2 армия
134	1942-04-01	НДФ	2 армия	3 сд
134	1942-04-01	НДФ	2 армия	12 сд
134	1942-04-01	НДФ	2 армия	96 сд
134	1942-04-01	НДФ	2 армия	204 сд
134	1942-04-01	НДФ	2 армия	259 сбр
134	1942-04-01	НДФ	2 армия	42 пап
134	1942-04-01	НДФ	2 армия	147 гап
134	1942-04-01	НДФ	2 армия	238 гап
134	1942-04-01	НДФ	2 армия	411 гап
134	1942-04-01	НДФ	2 армия	192 оадн
134	1942-04-01	НДФ	2 армия	9 озадн
134	1942-04-01	НДФ	2 армия	42 озадн
134	1942-04-01	НДФ	2 армия	73 тбр
134	1942-04-01	НДФ	2 армия	74 тбр
134	1942-04-01	НДФ	2 армия	5 отд. батальон бронедрезин
134	1942-04-01	НДФ	2 армия	82 бад
134	1942-04-01	НДФ	2 армия	14 иап
134	1942-04-01	НДФ	2 армия	529 иап
134	1942-04-01	НДФ	2 армия	2 тпмп
134	1942-04-01	НДФ	2 армия	29 пмб
135	1942-04-01	НДФ	15 армия
135	1942-04-01	НДФ	15 армия	34 сд
135	1942-04-01	НДФ	15 армия	102 УР
135	1942-04-01	НДФ	15 армия	52 ап
135	1942-04-01	НДФ	15 армия	46 озадн
135	1942-04-01	НДФ	15 армия	1 тд
135	1942-04-01	НДФ	15 армия	76 шап
135	1942-04-01	НДФ	15 армия	301 иап
135	1942-04-01	НДФ	15 армия	302 иап
135	1942-04-01	НДФ	15 армия	139 раэ
135	1942-04-01	НДФ	15 армия	3 тпмп
135	1942-04-01	НДФ	15 армия	11 пмб
135	1942-04-01	НДФ	15 армия	24 пмб
136	1942-04-01	НДФ	25 армия
136	1942-04-01	НДФ	25 армия	39 ск
136	1942-04-01	НДФ	25 армия	40 сд
136	1942-04-01	НДФ	25 армия	105 сд
136	1942-04-01	НДФ	25 армия	126 сд
136	1942-04-01	НДФ	25 армия	208 сд
136	1942-04-01	НДФ	25 армия	106 УР
136	1942-04-01	НДФ	25 армия	107 УР
136	1942-04-01	НДФ	25 армия	108 УР
136	1942-04-01	НДФ	25 армия	110 УР
136	1942-04-01	НДФ	25 армия	111 УР
136	1942-04-01	НДФ	25 армия	113 УР
136	1942-04-01	НДФ	25 армия	247 сбр
136	1942-04-01	НДФ	25 армия	248 сбр
136	1942-04-01	НДФ	25 армия	253 сбр
136	1942-04-01	НДФ	25 армия	107 гап
136	1942-04-01	НДФ	25 армия	148 гап
136	1942-04-01	НДФ	25 армия	215 гап
136	1942-04-01	НДФ	25 армия	386 гап
136	1942-04-01	НДФ	25 армия	282 пап
136	1942-04-01	НДФ	25 армия	548 пап
136	1942-04-01	НДФ	25 армия	28 озадн
136	1942-04-01	НДФ	25 армия	59 озадн
136	1942-04-01	НДФ	25 армия	70 озадн
136	1942-04-01	НДФ	25 армия	72 тбр
136	1942-04-01	НДФ	25 армия	76 тбр
136	1942-04-01	НДФ	25 армия	83 бад
136	1942-04-01	НДФ	25 армия	305 иап
136	1942-04-01	НДФ	25 армия	582 иап
136	1942-04-01	НДФ	25 армия	77 шап
136	1942-04-01	НДФ	25 армия	537 шап
136	1942-04-01	НДФ	25 армия	138 раэ
136	1942-04-01	НДФ	25 армия	330 каэ
136	1942-04-01	НДФ	25 армия	32 оиб
136	1942-04-01	НДФ	25 армия	100 оиб
136	1942-04-01	НДФ	25 армия	276 оиб
136	1942-04-01	НДФ	25 армия	279 оиб
137	1942-04-01	НДФ	35 армия
137	1942-04-01	НДФ	35 армия	35 сд
137	1942-04-01	НДФ	35 армия	66 сд
137	1942-04-01	НДФ	35 армия	422 сд
137	1942-04-01	НДФ	35 армия	109 УР
137	1942-04-01	НДФ	35 армия	76 пап
137	1942-04-01	НДФ	35 армия	187 пап
137	1942-04-01	НДФ	35 армия	181 гап
137	1942-04-01	НДФ	35 армия	263 гап
137	1942-04-01	НДФ	35 армия	29 мцп
137	1942-04-01	НДФ	35 армия	48 иап
137	1942-04-01	НДФ	35 армия	308 иап
137	1942-04-01	НДФ	35 армия	530 иап
137	1942-04-01	НДФ	35 армия	18 раэ
137	1942-04-01	НДФ	35 армия	3 пмб
137	1942-04-01	НДФ	35 армия	16 пмб
137	1942-04-01	НДФ	35 армия	280 оиб
137	1942-04-01	НДФ	35 армия	402 оиб
138	1942-04-01	НДФ	79 сд
138	1942-04-01	НДФ	101 сд
138	1942-04-01	НДФ	205 сд
138	1942-04-01	НДФ	202 вдбр
138	1942-04-01	НДФ	104 УР
138	1942-04-01	НДФ	362 оадн
138	1942-04-01	НДФ	367 оадн
138	1942-04-01	НДФ	13 отд. бронепоезд
138	1942-04-01	НДФ	29 иад
138	1942-04-01	НДФ	5 сабр
138	1942-04-01	НДФ	251 бап
138	1942-04-01	НДФ	799 сап
138	1942-04-01	НДФ	97 каэ
138	1942-04-01	НДФ	26 оиб
138	1942-04-01	НДФ	101 оиб